,guests,beds,bathrooms,price_night,cleanliness_rate,accuracy_rate,communication_rate,location_rate,check-in_rate,value_rate,amenities_count,bedrooms
0,2.0,1.0,1.0,105.0,4.6,4.7,4.3,5.0,4.3,4.3,13.0,1.0
1,3.0,3.0,0.0,92.0,4.3,4.7,4.6,4.9,4.7,4.5,8.0,1.0
2,4.0,2.0,1.5,52.0,4.2,4.6,4.8,4.8,4.8,4.7,51.0,1.0
3,2.0,1.0,1.0,132.0,4.8,4.9,4.9,4.9,5.0,4.6,23.0,1.0
4,4.0,3.0,1.0,143.0,5.0,4.9,5.0,4.7,5.0,4.7,32.0,2.0
5,3.0,2.0,1.0,101.0,4.7,4.7,4.8,4.8,4.7,4.3,6.0,1.0
6,6.0,5.0,1.0,94.0,4.2,4.4,4.6,4.3,4.8,4.3,31.0,2.0
7,4.0,3.0,1.0,247.0,4.9,4.8,4.8,4.6,4.9,4.4,24.0,1.0
8,3.0,2.0,1.0,104.0,4.5,4.7,4.8,4.8,4.8,4.4,10.0,1.0
9,5.0,4.0,1.0,106.0,4.3,4.5,4.4,4.8,4.5,4.1,10.0,1.0
10,2.0,1.0,1.0,126.0,5.0,5.0,4.8,5.0,5.0,4.8,8.0,1.0
11,5.0,4.0,1.0,214.0,4.9,4.4,4.3,4.9,4.6,4.3,5.0,1.0
12,5.0,3.0,1.0,110.0,5.0,4.7,5.0,5.0,4.9,4.7,10.0,1.0
13,2.0,1.0,1.0,85.0,4.8,4.9,5.0,5.0,4.9,4.5,8.0,1.0
14,4.0,1.0,1.0,91.0,4.3,4.7,5.0,5.0,5.0,4.7,38.0,1.0
15,4.0,2.0,1.0,174.0,4.9,4.9,4.9,4.9,4.9,4.8,33.0,1.0
16,2.0,2.0,1.5,139.0,5.0,5.0,5.0,5.0,5.0,4.9,35.0,1.0
17,5.0,2.0,1.0,96.0,5.0,5.0,5.0,5.0,5.0,4.9,12.0,1.0
18,8.0,3.0,1.0,141.0,4.9,4.9,4.9,4.9,5.0,4.7,15.0,2.0
19,2.0,1.0,1.0,309.0,5.0,5.0,5.0,5.0,5.0,4.6,36.0,1.0
20,2.0,1.0,1.0,248.0,4.9,4.0,4.9,5.0,4.9,4.4,8.0,1.0
21,2.0,2.0,1.0,130.0,4.9,5.0,4.9,4.7,5.0,4.7,13.0,1.0
22,4.0,1.0,1.0,499.0,5.0,5.0,5.0,5.0,5.0,5.0,39.0,1.0
23,4.0,2.0,1.0,670.0,4.9,5.0,5.0,5.0,4.9,4.8,15.0,1.0
24,5.0,4.0,1.0,153.0,4.9,5.0,4.9,4.9,5.0,4.8,28.0,1.0
25,3.0,2.0,1.5,168.0,4.8,4.9,5.0,4.7,4.7,4.9,50.0,1.0
26,4.0,4.0,1.0,149.0,5.0,4.9,5.0,4.9,5.0,4.9,35.0,1.0
27,2.0,1.0,1.0,280.0,5.0,5.0,5.0,5.0,5.0,4.8,36.0,1.0
28,4.0,2.0,1.0,171.0,5.0,5.0,5.0,4.8,5.0,4.8,43.0,1.0
29,4.0,2.0,1.0,238.0,4.8,4.8,4.9,4.8,5.0,4.6,28.0,1.0
30,2.0,1.0,1.0,99.0,5.0,5.0,5.0,5.0,5.0,5.0,16.0,1.0
31,2.0,2.0,1.0,142.0,4.9,4.9,5.0,5.0,5.0,5.0,57.0,1.0
32,2.0,1.0,1.0,413.0,5.0,4.9,5.0,4.9,5.0,4.8,30.0,1.0
33,7.0,3.0,1.0,206.0,4.8,4.9,4.9,4.9,5.0,4.7,25.0,1.0
34,4.0,1.0,1.0,123.0,4.9,4.9,4.9,4.9,5.0,4.7,42.0,1.0
35,2.0,1.0,1.0,125.0,5.0,5.0,5.0,4.8,5.0,4.9,17.0,1.0
36,2.0,1.0,1.0,130.0,5.0,5.0,5.0,5.0,5.0,4.9,42.0,1.0
37,6.0,3.0,1.0,222.0,4.9,5.0,5.0,5.0,5.0,4.8,28.0,2.0
38,2.0,1.0,1.0,188.0,5.0,4.9,4.9,5.0,5.0,4.5,22.0,1.0
39,2.0,1.0,1.0,54.0,4.9,4.9,5.0,4.9,4.9,4.8,20.0,1.0
40,8.0,4.0,1.0,212.0,5.0,5.0,5.0,5.0,5.0,4.9,38.0,2.0
41,2.0,1.0,1.0,151.0,5.0,4.9,4.9,5.0,5.0,4.9,52.0,1.0
42,4.0,2.0,1.0,149.0,5.0,5.0,5.0,5.0,5.0,4.8,34.0,1.0
43,6.0,2.0,1.0,249.0,4.6,4.8,4.9,4.8,5.0,4.6,33.0,1.0
44,4.0,1.0,1.0,101.0,4.9,5.0,5.0,5.0,5.0,4.9,38.0,1.0
45,6.0,3.0,1.5,311.0,4.9,5.0,5.0,4.9,5.0,4.8,50.0,2.0
46,4.0,3.0,1.5,53.0,4.9,4.9,4.9,4.9,4.9,4.6,38.0,1.0
47,4.0,2.0,2.5,179.0,5.0,5.0,5.0,4.9,5.0,4.8,30.0,1.0
48,2.0,1.0,1.0,188.0,5.0,5.0,5.0,5.0,5.0,4.8,41.0,1.0
49,2.0,1.0,1.0,66.0,5.0,4.8,4.9,4.9,4.9,4.8,29.0,1.0
50,6.0,6.0,1.0,134.0,5.0,4.9,4.9,4.8,5.0,4.8,40.0,2.0
51,2.0,1.0,1.5,148.0,4.7,4.7,4.8,4.8,4.8,4.8,22.0,1.0
52,2.0,1.0,1.0,224.0,4.9,4.9,5.0,4.9,5.0,4.8,34.0,1.0
53,2.0,1.0,1.0,135.0,5.0,4.9,5.0,4.9,5.0,4.7,21.0,1.0
54,2.0,2.0,1.0,138.0,5.0,4.9,5.0,4.8,5.0,4.8,23.0,1.0
55,2.0,2.0,1.0,161.0,4.7,4.8,5.0,4.9,4.9,4.7,84.0,1.0
56,2.0,1.0,1.0,107.0,4.9,4.9,4.9,5.0,4.9,4.7,15.0,1.0
57,2.0,1.0,1.0,184.0,5.0,5.0,5.0,5.0,5.0,4.9,13.0,1.0
58,2.0,1.0,1.0,140.0,4.5,5.0,5.0,4.5,5.0,5.0,10.0,1.0
59,6.0,4.0,1.0,105.0,4.6,4.8,4.9,4.9,4.9,4.6,36.0,2.0
60,2.0,1.0,1.0,112.0,5.0,5.0,5.0,4.9,5.0,4.9,38.0,1.0
61,2.0,1.0,1.0,94.0,5.0,5.0,5.0,5.0,5.0,5.0,24.0,1.0
62,4.0,3.0,1.0,61.0,4.8,4.9,4.9,4.7,4.9,4.8,28.0,2.0
63,2.0,1.0,1.0,295.0,5.0,5.0,5.0,5.0,5.0,4.9,43.0,1.0
64,2.0,1.0,1.0,58.0,5.0,5.0,5.0,4.9,4.8,4.9,30.0,2.0
65,4.0,2.0,1.0,60.0,4.9,5.0,5.0,4.9,5.0,4.9,45.0,1.0
66,2.0,1.0,1.0,91.0,5.0,5.0,5.0,5.0,4.9,4.9,21.0,1.0
67,2.0,1.0,1.0,153.0,5.0,4.9,5.0,4.9,5.0,4.9,35.0,1.0
68,2.0,1.0,1.5,112.0,4.9,4.9,4.8,4.9,4.9,4.7,69.0,1.0
69,3.0,1.0,1.0,170.0,4.8,4.9,5.0,4.9,5.0,4.7,29.0,1.0
70,2.0,1.0,1.0,201.0,5.0,5.0,5.0,5.0,5.0,5.0,24.0,1.0
71,6.0,3.0,1.5,49.0,4.9,4.9,5.0,4.8,4.9,4.8,27.0,1.0
72,4.0,2.0,1.0,103.0,4.9,5.0,5.0,4.9,5.0,4.9,22.0,1.0
73,7.0,5.0,1.0,270.0,5.0,5.0,5.0,5.0,5.0,4.8,43.0,1.0
74,2.0,1.0,1.0,197.0,4.8,4.9,5.0,5.0,5.0,4.7,41.0,1.0
75,2.0,1.0,1.0,44.0,4.7,4.9,4.9,5.0,4.9,4.5,30.0,1.0
76,3.0,1.0,1.0,138.0,5.0,4.9,5.0,4.9,5.0,4.8,27.0,1.0
77,2.0,1.0,1.0,54.0,4.9,4.9,4.9,4.8,4.8,4.8,27.0,1.0
78,4.0,2.0,1.0,422.0,5.0,5.0,5.0,5.0,5.0,5.0,29.0,1.0
79,4.0,2.0,1.0,218.0,5.0,5.0,5.0,5.0,5.0,4.8,30.0,2.0
80,4.0,3.0,1.0,157.0,5.0,5.0,5.0,5.0,5.0,4.9,48.0,1.0
81,2.0,1.0,1.0,105.0,4.6,4.9,5.0,4.9,4.9,4.7,27.0,1.0
82,4.0,2.0,1.0,137.0,4.8,4.8,4.9,4.9,5.0,4.6,39.0,2.0
83,4.0,2.0,1.0,139.0,4.6,4.8,4.9,4.9,5.0,4.7,28.0,1.0
84,2.0,1.0,1.0,100.0,5.0,5.0,5.0,5.0,5.0,5.0,43.0,1.0
85,4.0,2.0,1.0,98.0,4.9,5.0,5.0,4.9,5.0,4.7,31.0,2.0
86,4.0,1.0,1.0,98.0,4.9,5.0,5.0,4.9,5.0,4.8,48.0,1.0
87,3.0,2.0,1.0,223.0,5.0,4.9,5.0,4.9,5.0,4.7,34.0,1.0
88,4.0,2.0,1.0,230.0,5.0,5.0,5.0,5.0,5.0,5.0,32.0,1.0
89,4.0,2.0,1.0,140.0,4.8,4.9,5.0,4.9,5.0,4.8,24.0,1.0
90,4.0,2.0,1.0,297.0,5.0,5.0,5.0,5.0,5.0,4.7,36.0,2.0
91,2.0,1.0,1.0,212.0,5.0,4.9,4.9,4.9,5.0,4.8,34.0,1.0
92,4.0,2.0,1.0,500.0,4.8,4.9,5.0,5.0,5.0,4.6,19.0,2.0
93,4.0,2.0,1.0,137.0,4.9,4.9,5.0,4.9,5.0,4.8,38.0,1.0
94,5.0,2.0,1.0,127.0,4.3,4.8,4.8,4.8,4.8,4.3,41.0,1.0
95,2.0,1.0,1.0,73.0,4.9,4.9,5.0,4.7,5.0,4.7,26.0,1.0
96,2.0,1.0,1.0,101.0,4.8,4.9,4.8,4.7,4.9,4.9,10.0,1.0
97,2.0,1.0,1.0,56.0,4.6,4.9,4.9,4.4,4.9,4.7,18.0,1.0
98,4.0,3.0,1.5,199.0,5.0,5.0,5.0,4.9,5.0,4.8,35.0,1.0
99,2.0,1.0,1.0,38.0,4.8,4.9,4.9,4.8,4.9,4.8,19.0,1.0
100,4.0,1.0,1.0,211.0,4.9,5.0,5.0,4.9,5.0,4.8,39.0,1.0
101,2.0,1.0,1.0,112.0,4.9,5.0,5.0,4.9,5.0,4.9,33.0,1.0
102,4.0,2.0,1.0,141.0,4.9,5.0,5.0,4.9,5.0,4.8,30.0,1.0
103,2.0,1.0,1.0,82.0,5.0,5.0,5.0,4.9,5.0,4.9,31.0,1.0
104,2.0,1.0,1.0,71.0,5.0,4.9,4.9,4.9,4.9,4.8,27.0,1.0
105,4.0,1.0,1.0,100.0,4.9,4.9,5.0,4.9,5.0,4.9,18.0,1.0
106,2.0,1.0,1.0,202.0,4.9,4.9,4.9,4.9,4.9,4.5,10.0,1.0
107,8.0,2.0,1.0,73.0,4.9,4.9,4.9,4.9,5.0,4.8,44.0,1.0
108,3.0,2.0,1.0,128.0,5.0,5.0,5.0,4.9,5.0,4.8,28.0,2.0
109,5.0,3.0,1.0,500.0,4.7,4.7,4.6,5.0,4.7,4.3,18.0,1.0
110,4.0,2.0,1.0,145.0,4.9,4.9,5.0,4.9,5.0,4.8,18.0,1.0
111,3.0,1.0,1.0,84.0,5.0,5.0,5.0,5.0,5.0,5.0,38.0,1.0
112,4.0,2.0,1.0,107.0,4.9,4.8,4.8,4.9,4.8,4.4,14.0,1.0
113,5.0,2.0,1.0,112.0,4.9,4.9,4.9,4.9,5.0,4.8,16.0,2.0
114,2.0,1.0,1.0,71.0,4.8,4.8,4.7,4.9,4.7,4.6,33.0,1.0
115,2.0,1.0,1.0,36.0,5.0,5.0,5.0,5.0,5.0,5.0,30.0,1.0
116,2.0,1.0,2.0,36.0,4.6,4.7,4.9,4.8,4.8,4.8,27.0,1.0
117,6.0,3.0,1.5,210.0,4.8,4.9,5.0,4.9,5.0,4.7,49.0,2.0
118,2.0,1.0,1.0,104.0,4.3,4.4,4.6,4.8,4.7,4.3,30.0,1.0
119,14.0,9.0,4.0,395.0,4.9,4.9,5.0,5.0,5.0,4.8,37.0,5.0
120,4.0,2.0,0.0,40.0,4.6,4.8,4.8,4.8,4.8,4.6,4.0,1.0
121,4.0,4.0,0.0,43.0,5.0,5.0,5.0,5.0,5.0,5.0,24.0,1.0
122,2.0,1.0,1.0,122.0,4.8,5.0,4.9,5.0,5.0,4.9,23.0,1.0
123,4.0,2.0,1.0,77.0,5.0,5.0,5.0,4.9,5.0,4.9,32.0,1.0
124,2.0,1.0,1.0,92.0,4.9,4.8,4.8,4.9,4.9,4.8,32.0,1.0
125,2.0,1.0,1.0,86.0,5.0,5.0,5.0,4.7,5.0,4.8,42.0,1.0
126,4.0,4.0,1.0,92.0,4.5,4.5,4.5,4.8,4.4,4.2,20.0,1.0
127,8.0,5.0,1.0,510.0,4.7,4.8,4.9,4.9,4.9,4.5,14.0,3.0
128,2.0,1.0,1.0,68.0,4.9,4.9,5.0,4.9,5.0,4.9,48.0,1.0
129,4.0,2.0,2.0,105.0,4.9,5.0,5.0,4.8,5.0,4.9,31.0,2.0
130,2.0,1.0,1.0,39.0,4.9,4.9,5.0,4.8,5.0,4.8,38.0,1.0
131,4.0,3.0,2.0,474.0,4.9,5.0,5.0,5.0,5.0,4.9,31.0,1.0
132,4.0,2.0,1.0,63.0,5.0,4.9,5.0,4.9,5.0,4.8,16.0,1.0
133,4.0,3.0,1.0,102.0,4.6,4.4,4.6,4.7,4.6,4.4,21.0,1.0
134,4.0,3.0,2.0,482.0,4.9,4.9,5.0,4.9,5.0,4.9,67.0,2.0
135,4.0,3.0,1.0,211.0,5.0,4.9,5.0,5.0,4.9,4.8,43.0,2.0
136,2.0,1.0,1.0,66.0,4.9,4.8,4.8,4.6,4.9,4.8,58.0,1.0
137,4.0,1.0,1.0,121.0,4.7,4.9,4.9,4.9,4.9,4.5,35.0,1.0
138,2.0,1.0,1.0,40.0,4.8,4.9,4.9,4.7,4.9,4.9,32.0,1.0
139,3.0,2.0,1.0,43.0,4.7,4.9,4.9,4.9,4.9,4.9,3.0,1.0
140,4.0,2.0,1.0,368.0,4.3,4.3,3.9,4.0,3.9,4.0,23.0,1.0
141,2.0,1.0,1.0,103.0,5.0,5.0,5.0,4.9,5.0,4.8,27.0,1.0
142,4.0,2.0,1.0,73.0,4.8,4.9,4.8,4.8,4.8,4.8,22.0,2.0
143,4.0,2.0,1.0,46.0,4.4,4.2,4.7,4.5,4.7,4.5,25.0,1.0
144,3.0,3.0,1.0,10.0,4.5,4.8,4.8,4.9,4.8,4.7,10.0,1.0
145,2.0,2.0,1.0,122.0,4.8,5.0,4.9,4.9,5.0,4.9,24.0,1.0
146,5.0,5.0,1.0,46.0,4.9,4.9,4.9,4.9,4.8,4.8,21.0,2.0
147,11.0,6.0,1.0,45.0,4.9,4.6,4.8,4.7,4.9,4.7,38.0,3.0
148,2.0,1.0,1.0,130.0,5.0,5.0,4.9,4.9,5.0,4.8,13.0,1.0
149,2.0,1.0,1.0,98.0,5.0,5.0,4.3,5.0,5.0,4.3,43.0,1.0
150,2.0,1.0,1.0,139.0,4.9,4.9,4.9,4.9,4.9,4.5,21.0,1.0
151,6.0,4.0,1.0,125.0,4.9,5.0,5.0,4.9,5.0,4.8,16.0,1.0
152,3.0,2.0,1.0,61.0,4.9,4.9,4.9,4.8,5.0,4.9,25.0,1.0
153,2.0,1.0,1.0,72.0,4.7,4.8,5.0,4.9,4.9,4.5,19.0,1.0
154,4.0,2.0,1.0,79.0,4.8,5.0,5.0,5.0,5.0,4.7,19.0,1.0
155,2.0,1.0,2.0,19.0,4.6,4.9,4.9,4.8,4.9,4.8,26.0,1.0
156,7.0,4.0,1.5,116.0,4.9,4.7,5.0,5.0,5.0,4.3,18.0,1.0
157,5.0,4.0,1.0,34.0,4.0,4.7,4.9,4.9,4.8,4.7,16.0,2.0
158,2.0,1.0,1.0,128.0,4.9,4.9,5.0,4.8,4.9,4.6,50.0,1.0
159,4.0,2.0,1.0,63.0,4.8,4.7,5.0,4.9,5.0,4.8,12.0,1.0
160,4.0,2.0,1.0,95.0,4.7,4.9,4.9,4.9,4.9,4.8,13.0,1.0
161,2.0,1.0,1.0,44.0,4.6,4.8,4.9,4.9,4.9,4.7,29.0,1.0
162,4.0,2.0,1.0,43.0,4.7,4.9,4.9,4.9,5.0,5.0,3.0,1.0
163,2.0,1.0,1.0,82.0,5.0,5.0,5.0,4.9,5.0,4.7,15.0,1.0
164,6.0,1.0,1.0,161.0,4.7,4.8,5.0,5.0,5.0,4.8,25.0,1.0
165,6.0,3.0,1.0,161.0,4.8,4.8,4.8,4.8,4.9,4.8,40.0,1.0
166,2.0,1.0,1.0,294.0,5.0,4.9,4.9,4.9,4.8,4.6,12.0,1.0
167,3.0,3.0,1.0,91.0,5.0,5.0,5.0,5.0,5.0,5.0,35.0,1.0
168,4.0,3.0,1.0,238.0,4.6,5.0,4.9,5.0,4.9,4.5,16.0,1.0
169,8.0,6.0,2.0,432.0,4.7,4.6,5.0,5.0,5.0,4.8,22.0,4.0
170,2.0,1.0,1.0,50.0,4.9,4.4,4.7,4.9,4.9,4.5,6.0,1.0
171,2.0,1.0,1.0,62.0,4.4,4.6,4.6,4.8,4.6,4.8,31.0,1.0
172,2.0,1.0,1.0,44.0,5.0,5.0,5.0,5.0,5.0,5.0,15.0,1.0
173,2.0,1.0,1.0,42.0,4.8,4.9,5.0,5.0,5.0,4.8,12.0,1.0
174,16.0,9.0,5.5,382.0,4.4,4.5,4.9,4.7,4.8,4.7,51.0,8.0
175,2.0,1.0,1.0,57.0,4.8,4.8,4.8,4.8,4.9,4.8,6.0,1.0
176,4.0,2.0,1.0,434.0,5.0,4.9,5.0,4.9,5.0,4.4,26.0,2.0
177,4.0,3.0,1.0,122.0,4.8,4.7,4.8,4.7,4.8,4.2,21.0,1.0
178,4.0,2.0,1.0,33.0,4.8,4.9,4.8,5.0,4.8,4.8,36.0,2.0
179,4.0,2.0,1.0,99.0,5.0,5.0,5.0,5.0,5.0,5.0,53.0,2.0
180,6.0,4.0,1.0,52.0,4.8,4.8,4.8,4.9,4.9,4.7,16.0,2.0
181,7.0,5.0,2.0,151.0,4.7,4.9,4.9,4.9,5.0,4.7,29.0,3.0
182,1.0,1.0,1.0,106.0,4.8,4.7,4.9,4.8,4.9,4.6,6.0,1.0
183,3.0,3.0,1.0,132.0,5.0,5.0,5.0,5.0,5.0,3.3,33.0,2.0
184,2.0,1.0,1.0,49.0,5.0,5.0,5.0,5.0,5.0,4.7,25.0,1.0
185,1.0,1.0,1.0,104.0,4.8,4.8,4.8,4.8,4.9,4.5,22.0,1.0
186,4.0,2.0,1.0,121.0,5.0,5.0,4.9,4.9,4.9,4.8,21.0,1.0
187,2.0,1.0,1.0,193.0,5.0,5.0,5.0,4.9,5.0,4.8,48.0,1.0
188,4.0,1.0,1.0,238.0,4.9,4.9,4.9,4.8,5.0,4.6,28.0,1.0
189,2.0,1.0,1.0,147.0,4.8,4.9,4.8,4.9,4.9,4.8,42.0,1.0
190,2.0,1.0,1.0,105.0,5.0,5.0,5.0,4.7,5.0,4.6,41.0,1.0
191,2.0,2.0,1.0,104.0,4.8,4.8,5.0,5.0,4.9,5.0,32.0,1.0
192,2.0,1.0,1.0,102.0,5.0,4.9,5.0,4.9,5.0,4.8,43.0,1.0
193,2.0,1.0,1.0,36.0,4.6,4.8,4.8,4.6,4.8,4.6,12.0,1.0
194,2.0,1.0,1.0,124.0,5.0,5.0,5.0,5.0,5.0,4.9,30.0,1.0
195,6.0,4.0,1.0,137.0,4.8,4.9,5.0,4.9,5.0,4.8,38.0,2.0
196,2.0,1.0,1.0,14.0,4.6,4.7,4.9,4.8,4.8,4.8,23.0,1.0
197,2.0,1.0,1.0,100.0,4.9,4.9,4.8,4.9,4.8,4.8,22.0,1.0
198,3.0,2.0,2.0,113.0,5.0,5.0,5.0,4.9,5.0,4.9,30.0,1.0
199,5.0,2.0,0.0,52.0,4.5,4.5,4.6,4.8,4.8,4.3,5.0,1.0
200,4.0,2.0,1.0,57.0,4.9,5.0,5.0,4.9,5.0,5.0,38.0,1.0
201,4.0,2.0,0.0,27.0,4.4,4.7,4.7,4.9,4.7,4.7,17.0,1.0
202,2.0,1.0,1.0,125.0,4.9,4.9,5.0,4.9,5.0,4.8,32.0,1.0
203,2.0,1.0,1.0,66.0,4.3,4.7,5.0,5.0,5.0,4.5,35.0,1.0
204,5.0,2.0,1.0,9.0,4.0,4.0,4.2,4.2,4.2,4.3,42.0,3.0
205,2.0,1.0,1.0,23.0,4.8,4.5,4.9,4.5,4.6,4.8,23.0,1.0
206,4.0,3.0,1.0,23.0,4.9,5.0,5.0,4.8,4.9,4.9,19.0,1.0
207,3.0,3.0,1.0,87.0,5.0,5.0,5.0,5.0,5.0,5.0,51.0,1.0
208,5.0,4.0,1.0,141.0,5.0,5.0,5.0,5.0,5.0,5.0,53.0,3.0
209,4.0,3.0,2.0,368.0,5.0,5.0,5.0,5.0,5.0,4.7,29.0,2.0
210,2.0,1.0,1.0,143.0,4.9,5.0,5.0,4.9,4.9,4.9,37.0,1.0
211,2.0,2.0,1.0,116.0,5.0,4.9,5.0,4.8,5.0,4.8,38.0,1.0
212,4.0,2.0,2.0,254.0,5.0,5.0,4.9,4.9,5.0,4.9,43.0,2.0
213,2.0,1.0,1.0,192.0,5.0,5.0,5.0,5.0,5.0,4.8,22.0,1.0
214,6.0,7.0,2.0,241.0,5.0,5.0,5.0,4.8,5.0,4.8,44.0,2.0
215,1.0,1.0,1.0,64.0,4.9,4.8,5.0,4.9,4.9,4.7,43.0,1.0
216,4.0,1.0,2.0,168.0,5.0,5.0,4.9,5.0,5.0,4.9,44.0,2.0
217,2.0,1.0,1.5,140.0,4.9,4.9,4.9,4.9,4.9,4.7,37.0,1.0
218,4.0,2.0,1.0,303.0,4.9,5.0,5.0,5.0,5.0,4.7,51.0,1.0
219,4.0,4.0,1.5,147.0,5.0,5.0,5.0,5.0,5.0,4.8,46.0,2.0
220,2.0,1.0,1.0,88.0,4.9,4.9,5.0,4.9,5.0,4.8,48.0,1.0
221,2.0,1.0,1.0,74.0,4.9,5.0,5.0,4.9,5.0,4.8,35.0,1.0
222,4.0,3.0,2.0,89.0,4.9,4.9,4.9,4.8,4.9,4.8,37.0,2.0
223,2.0,1.0,1.0,150.0,4.9,5.0,5.0,5.0,5.0,4.8,32.0,1.0
224,2.0,1.0,1.0,158.0,4.8,5.0,4.9,5.0,5.0,4.9,39.0,1.0
225,2.0,1.0,1.5,119.0,5.0,5.0,5.0,4.9,5.0,4.8,29.0,1.0
226,4.0,3.0,1.5,254.0,4.9,5.0,5.0,5.0,5.0,4.6,27.0,1.0
227,2.0,1.0,1.5,118.0,5.0,5.0,5.0,4.9,5.0,5.0,34.0,1.0
228,6.0,3.0,1.0,152.0,4.8,4.8,4.9,4.9,4.9,4.7,57.0,2.0
229,2.0,1.0,1.0,121.0,5.0,4.9,5.0,4.8,5.0,4.9,43.0,1.0
230,2.0,1.0,1.0,94.0,5.0,5.0,5.0,4.9,5.0,4.9,60.0,1.0
231,2.0,1.0,1.0,275.0,4.7,4.8,4.9,4.9,4.9,4.6,25.0,1.0
232,2.0,1.0,1.0,235.0,5.0,5.0,5.0,4.9,5.0,4.7,32.0,1.0
233,2.0,1.0,1.0,70.0,5.0,5.0,4.9,4.9,5.0,4.9,28.0,1.0
234,2.0,1.0,1.0,102.0,4.9,4.9,5.0,5.0,5.0,4.8,40.0,1.0
235,2.0,1.0,1.0,106.0,4.9,5.0,5.0,4.9,5.0,4.8,32.0,1.0
236,2.0,1.0,1.0,105.0,5.0,5.0,5.0,4.9,5.0,4.9,21.0,1.0
237,1.0,1.0,1.0,128.0,4.8,4.9,4.9,4.7,4.9,4.7,39.0,1.0
238,6.0,5.0,2.0,211.0,4.9,4.8,4.8,4.9,4.9,4.7,34.0,3.0
239,2.0,1.0,1.5,102.0,4.8,5.0,5.0,4.9,5.0,4.8,25.0,1.0
240,2.0,1.0,1.0,133.0,5.0,5.0,5.0,5.0,5.0,5.0,53.0,1.0
241,1.0,1.0,1.0,90.0,4.9,5.0,5.0,4.8,4.9,4.8,30.0,1.0
242,2.0,1.0,1.0,96.0,5.0,5.0,5.0,5.0,5.0,4.9,52.0,1.0
243,4.0,2.0,1.0,49.0,5.0,4.9,5.0,4.9,5.0,4.8,42.0,1.0
244,5.0,3.0,1.0,170.0,4.9,5.0,5.0,4.9,5.0,4.9,34.0,2.0
245,2.0,1.0,1.0,44.0,5.0,4.9,5.0,4.9,5.0,4.8,20.0,1.0
246,4.0,3.0,1.5,119.0,4.9,5.0,5.0,5.0,5.0,4.9,27.0,2.0
247,8.0,5.0,3.0,245.0,4.0,4.4,4.0,4.8,4.6,4.1,33.0,4.0
248,2.0,1.0,1.0,92.0,4.8,4.9,5.0,4.9,5.0,4.7,37.0,1.0
249,2.0,1.0,1.5,125.0,5.0,4.9,4.9,5.0,5.0,4.9,31.0,1.0
250,1.0,1.0,1.0,115.0,4.9,5.0,5.0,5.0,5.0,4.9,52.0,1.0
251,2.0,1.0,1.0,72.0,4.9,5.0,5.0,4.8,5.0,4.9,24.0,1.0
252,2.0,1.0,1.0,104.0,5.0,5.0,5.0,5.0,5.0,4.9,34.0,1.0
253,2.0,2.0,1.0,133.0,4.9,5.0,5.0,4.9,5.0,4.8,30.0,1.0
254,2.0,1.0,1.0,60.0,5.0,5.0,5.0,4.9,5.0,4.9,30.0,1.0
255,2.0,1.0,1.5,58.0,4.8,4.9,4.9,4.9,4.9,4.9,43.0,1.0
256,2.0,1.0,1.0,106.0,4.8,4.9,5.0,4.9,4.9,4.7,20.0,1.0
257,2.0,1.0,1.0,119.0,5.0,4.9,4.9,5.0,5.0,4.7,23.0,1.0
258,4.0,2.0,1.5,159.0,4.9,4.9,4.9,4.9,5.0,4.6,40.0,1.0
259,2.0,1.0,1.0,80.0,5.0,5.0,5.0,4.9,5.0,4.9,22.0,1.0
260,2.0,1.0,1.0,73.0,5.0,5.0,5.0,5.0,5.0,4.9,42.0,1.0
261,2.0,1.0,1.0,59.0,5.0,5.0,5.0,5.0,5.0,5.0,28.0,1.0
262,2.0,1.0,1.0,83.0,5.0,5.0,5.0,5.0,5.0,4.9,18.0,1.0
263,2.0,2.0,1.0,75.0,5.0,5.0,5.0,5.0,5.0,4.9,29.0,1.0
264,2.0,1.0,1.0,100.0,5.0,5.0,5.0,4.9,5.0,4.9,28.0,1.0
265,1.0,1.0,1.0,61.0,5.0,5.0,5.0,4.8,5.0,4.9,40.0,1.0
266,3.0,1.0,1.0,86.0,5.0,5.0,5.0,4.9,5.0,4.9,46.0,1.0
267,2.0,1.0,1.0,79.0,4.7,4.8,4.9,4.9,5.0,4.7,43.0,1.0
268,4.0,3.0,2.0,88.0,5.0,4.9,5.0,4.8,5.0,4.9,55.0,2.0
269,2.0,1.0,1.0,84.0,4.8,5.0,4.9,5.0,5.0,4.8,38.0,1.0
270,2.0,1.0,1.0,109.0,5.0,5.0,5.0,4.9,5.0,4.9,40.0,1.0
271,6.0,5.0,1.0,91.0,5.0,4.9,5.0,4.9,5.0,4.8,31.0,1.0
272,2.0,1.0,1.0,45.0,5.0,5.0,5.0,4.9,5.0,4.9,44.0,1.0
273,8.0,5.0,1.5,116.0,4.8,4.9,4.8,4.9,4.9,4.8,39.0,1.0
274,4.0,2.0,1.0,143.0,4.8,5.0,4.9,4.9,5.0,4.7,25.0,1.0
275,2.0,1.0,1.0,105.0,5.0,5.0,5.0,4.9,5.0,4.8,48.0,1.0
276,5.0,2.0,2.0,131.0,5.0,4.9,5.0,5.0,5.0,4.9,32.0,2.0
277,4.0,2.0,1.0,138.0,4.6,4.9,5.0,5.0,5.0,4.8,26.0,1.0
278,4.0,3.0,1.0,59.0,5.0,5.0,5.0,4.9,5.0,4.9,25.0,1.0
279,2.0,2.0,1.0,88.0,4.7,4.9,5.0,4.9,5.0,4.7,41.0,1.0
280,5.0,3.0,1.0,61.0,4.8,4.9,5.0,4.9,5.0,4.8,36.0,1.0
281,8.0,4.0,2.0,249.0,4.9,5.0,5.0,5.0,5.0,4.8,37.0,3.0
282,2.0,1.0,1.0,75.0,5.0,4.9,5.0,5.0,5.0,4.9,41.0,1.0
283,2.0,1.0,1.0,72.0,5.0,5.0,5.0,5.0,5.0,5.0,33.0,1.0
284,2.0,2.0,1.0,120.0,4.9,5.0,5.0,4.9,5.0,4.9,35.0,1.0
285,4.0,2.0,1.0,104.0,5.0,5.0,5.0,5.0,5.0,4.9,28.0,1.0
286,4.0,5.0,1.0,550.0,4.8,5.0,5.0,5.0,5.0,4.7,34.0,2.0
287,2.0,1.0,1.0,81.0,5.0,5.0,5.0,4.9,5.0,4.8,38.0,1.0
288,8.0,5.0,2.0,228.0,4.9,5.0,5.0,4.9,5.0,4.8,24.0,3.0
289,4.0,2.0,1.0,70.0,5.0,4.9,5.0,4.9,5.0,4.8,23.0,1.0
290,4.0,2.0,1.5,108.0,5.0,5.0,5.0,5.0,5.0,4.9,47.0,2.0
291,4.0,1.0,1.0,66.0,5.0,5.0,5.0,4.8,4.9,4.9,38.0,1.0
292,2.0,3.0,1.0,144.0,5.0,5.0,5.0,5.0,5.0,4.9,47.0,1.0
293,2.0,1.0,1.0,135.0,5.0,5.0,5.0,5.0,5.0,4.9,51.0,1.0
294,2.0,1.0,1.0,75.0,5.0,5.0,5.0,5.0,5.0,4.9,33.0,1.0
295,2.0,1.0,1.0,81.0,4.9,5.0,5.0,4.9,5.0,4.8,23.0,1.0
296,6.0,3.0,1.5,187.0,5.0,5.0,5.0,5.0,5.0,4.8,30.0,2.0
297,4.0,1.0,1.5,107.0,4.6,4.7,5.0,5.0,5.0,4.6,30.0,1.0
298,4.0,2.0,1.0,108.0,4.7,4.8,4.9,4.9,5.0,4.8,36.0,1.0
299,5.0,3.0,1.0,120.0,5.0,5.0,5.0,4.9,5.0,4.9,34.0,2.0
300,6.0,3.0,1.5,93.0,5.0,4.9,5.0,4.9,5.0,4.8,30.0,2.0
301,2.0,1.0,1.5,78.0,4.9,5.0,5.0,5.0,5.0,4.9,47.0,1.0
302,4.0,3.0,1.0,105.0,5.0,5.0,5.0,4.9,5.0,4.8,39.0,2.0
303,2.0,1.0,1.0,92.0,4.9,5.0,4.9,5.0,5.0,4.9,19.0,1.0
304,2.0,1.0,1.0,66.0,5.0,5.0,5.0,4.8,5.0,4.9,49.0,1.0
305,4.0,2.0,1.0,64.0,4.8,4.8,4.9,4.9,4.8,4.6,39.0,1.0
306,2.0,1.0,1.0,66.0,5.0,5.0,5.0,5.0,5.0,4.9,41.0,1.0
307,1.0,1.0,1.0,62.0,4.9,5.0,4.9,5.0,5.0,4.9,19.0,1.0
308,2.0,1.0,1.0,41.0,4.9,4.9,5.0,5.0,5.0,4.9,42.0,1.0
309,7.0,5.0,1.0,72.0,4.8,4.9,4.9,5.0,5.0,4.9,49.0,3.0
310,2.0,1.0,1.0,95.0,5.0,5.0,5.0,5.0,5.0,4.9,29.0,1.0
311,6.0,3.0,1.0,89.0,4.9,5.0,5.0,5.0,5.0,4.9,46.0,3.0
312,4.0,3.0,1.0,112.0,5.0,5.0,5.0,4.9,5.0,4.8,39.0,2.0
313,2.0,1.0,1.0,66.0,4.9,4.9,4.9,4.9,4.9,4.9,23.0,1.0
314,1.0,1.0,1.0,44.0,5.0,5.0,5.0,4.9,5.0,5.0,39.0,1.0
315,4.0,3.0,1.0,130.0,5.0,5.0,5.0,5.0,5.0,5.0,53.0,1.0
316,5.0,4.0,1.0,264.0,4.9,4.9,5.0,5.0,4.9,4.6,34.0,2.0
317,10.0,7.0,2.0,196.0,4.9,4.9,5.0,4.9,4.9,4.8,30.0,3.0
318,1.0,1.0,1.0,105.0,5.0,5.0,5.0,5.0,5.0,4.9,23.0,1.0
319,2.0,1.0,1.0,135.0,5.0,5.0,5.0,5.0,5.0,4.9,28.0,1.0
320,4.0,1.0,1.0,80.0,4.5,4.8,4.9,4.8,4.9,4.5,20.0,1.0
321,2.0,1.0,1.0,172.0,4.8,4.8,4.9,4.9,4.9,4.5,23.0,1.0
322,4.0,2.0,1.0,138.0,5.0,5.0,5.0,5.0,5.0,4.9,35.0,1.0
323,2.0,1.0,1.0,158.0,4.9,5.0,4.9,5.0,4.9,4.8,22.0,1.0
324,4.0,3.0,1.0,150.0,4.9,4.9,5.0,5.0,5.0,4.8,50.0,2.0
325,4.0,2.0,1.5,110.0,4.9,4.9,5.0,5.0,5.0,4.8,32.0,1.0
326,2.0,1.0,1.0,90.0,4.9,4.9,5.0,4.9,5.0,4.8,37.0,1.0
327,2.0,1.0,1.0,144.0,5.0,5.0,5.0,5.0,5.0,4.9,39.0,1.0
328,2.0,1.0,1.0,107.0,5.0,5.0,5.0,5.0,5.0,4.8,27.0,1.0
329,1.0,1.0,1.0,95.0,4.9,5.0,5.0,5.0,5.0,4.8,26.0,1.0
330,2.0,1.0,1.0,132.0,5.0,5.0,5.0,5.0,5.0,4.9,32.0,1.0
331,2.0,1.0,1.0,125.0,5.0,5.0,5.0,5.0,5.0,4.9,24.0,1.0
332,4.0,3.0,2.0,255.0,4.9,5.0,5.0,4.9,5.0,4.8,30.0,2.0
333,6.0,7.0,2.0,137.0,4.7,4.8,5.0,4.7,4.9,4.7,44.0,2.0
334,2.0,1.0,1.0,140.0,5.0,4.9,5.0,4.9,5.0,4.9,38.0,1.0
335,2.0,1.0,1.0,93.0,5.0,5.0,5.0,5.0,5.0,4.9,45.0,1.0
336,4.0,2.0,1.0,124.0,5.0,5.0,5.0,5.0,5.0,4.8,26.0,1.0
337,2.0,1.0,1.0,78.0,4.8,4.9,5.0,5.0,4.9,4.8,17.0,1.0
338,2.0,1.0,1.0,132.0,5.0,5.0,5.0,5.0,5.0,4.9,35.0,1.0
339,4.0,2.0,1.0,120.0,5.0,5.0,5.0,4.9,5.0,4.7,40.0,1.0
340,3.0,2.0,1.0,69.0,4.8,4.9,5.0,4.9,5.0,4.8,41.0,2.0
341,2.0,1.0,1.0,108.0,5.0,5.0,5.0,4.9,5.0,5.0,36.0,1.0
342,4.0,2.0,1.0,95.0,5.0,5.0,4.9,4.9,4.9,4.8,33.0,1.0
343,2.0,1.0,1.0,150.0,5.0,5.0,5.0,5.0,5.0,5.0,48.0,1.0
344,4.0,3.0,1.5,168.0,4.9,5.0,5.0,5.0,5.0,4.8,53.0,2.0
345,4.0,2.0,1.0,71.0,5.0,5.0,5.0,4.9,5.0,4.9,46.0,1.0
346,2.0,1.0,1.0,143.0,5.0,5.0,4.9,5.0,5.0,4.8,47.0,1.0
347,2.0,1.0,1.5,135.0,4.9,5.0,4.9,4.9,4.9,4.8,21.0,1.0
348,2.0,1.0,1.0,143.0,4.7,4.8,4.8,4.8,4.8,4.8,19.0,1.0
349,2.0,1.0,1.0,102.0,5.0,5.0,4.9,5.0,4.9,4.9,17.0,1.0
350,4.0,3.0,1.0,50.0,4.9,4.9,4.8,4.9,4.9,4.9,30.0,1.0
351,2.0,1.0,1.0,120.0,5.0,5.0,5.0,5.0,5.0,4.9,36.0,1.0
352,4.0,3.0,1.0,177.0,5.0,5.0,5.0,5.0,5.0,4.7,26.0,2.0
353,4.0,2.0,1.0,150.0,4.9,4.8,5.0,4.7,5.0,4.8,23.0,1.0
354,2.0,1.0,1.0,125.0,5.0,5.0,5.0,5.0,5.0,5.0,44.0,1.0
355,7.0,6.0,2.0,312.0,5.0,4.9,5.0,5.0,5.0,4.7,66.0,4.0
356,1.0,1.0,1.0,97.0,4.9,4.8,5.0,4.8,5.0,4.4,14.0,1.0
357,4.0,3.0,1.0,75.0,4.9,5.0,5.0,4.9,5.0,4.9,25.0,2.0
358,6.0,5.0,2.0,209.0,4.7,4.9,4.9,4.9,5.0,4.8,39.0,3.0
359,2.0,1.0,1.0,91.0,5.0,5.0,5.0,5.0,5.0,4.9,53.0,1.0
360,2.0,1.0,1.0,58.0,4.9,4.8,4.9,4.9,4.9,4.7,26.0,1.0
361,4.0,4.0,2.0,119.0,4.6,4.9,4.6,4.8,4.8,4.5,33.0,2.0
362,4.0,3.0,1.5,78.0,4.9,5.0,5.0,4.9,5.0,4.9,31.0,2.0
363,2.0,1.0,1.0,117.0,5.0,5.0,5.0,5.0,5.0,5.0,41.0,1.0
364,3.0,2.0,1.0,88.0,4.9,4.8,4.9,4.9,4.9,4.7,60.0,1.0
365,2.0,1.0,1.0,163.0,5.0,5.0,5.0,5.0,5.0,4.9,15.0,1.0
366,2.0,1.0,1.0,84.0,5.0,5.0,5.0,5.0,5.0,4.9,45.0,1.0
367,2.0,1.0,1.0,113.0,4.8,4.9,4.9,4.9,4.9,4.7,30.0,1.0
368,6.0,3.0,2.0,158.0,4.6,4.7,4.7,4.7,4.9,4.6,15.0,3.0
369,2.0,2.0,1.5,87.0,5.0,5.0,5.0,4.9,5.0,4.8,47.0,1.0
370,2.0,1.0,1.0,222.0,4.8,4.9,4.9,5.0,4.9,4.6,17.0,1.0
371,2.0,1.0,1.0,194.0,5.0,5.0,5.0,5.0,5.0,4.8,47.0,1.0
372,8.0,6.0,1.5,130.0,4.9,4.9,4.9,4.9,5.0,4.8,20.0,3.0
373,2.0,1.0,1.5,125.0,4.9,4.9,4.9,4.9,5.0,4.7,15.0,1.0
374,2.0,1.0,1.0,129.0,4.8,5.0,5.0,4.9,5.0,4.8,32.0,1.0
375,2.0,1.0,1.0,86.0,4.9,4.9,5.0,4.9,5.0,4.8,33.0,1.0
376,2.0,1.0,1.0,113.0,4.9,5.0,4.9,5.0,5.0,4.8,23.0,1.0
377,2.0,1.0,1.0,124.0,4.8,4.9,5.0,4.9,5.0,4.8,34.0,1.0
378,2.0,1.0,1.0,250.0,5.0,5.0,5.0,5.0,5.0,4.8,49.0,1.0
379,4.0,3.0,1.0,120.0,4.7,4.9,5.0,4.9,5.0,4.8,48.0,2.0
380,2.0,1.0,1.5,145.0,5.0,5.0,5.0,4.9,5.0,4.9,25.0,1.0
381,2.0,1.0,1.0,90.0,5.0,5.0,5.0,5.0,5.0,4.9,25.0,1.0
382,4.0,3.0,1.0,136.0,4.9,5.0,5.0,5.0,5.0,4.9,30.0,2.0
383,7.0,3.0,3.0,35.0,4.1,4.8,4.9,4.9,4.9,4.8,13.0,4.0
384,2.0,1.0,1.0,119.0,4.9,4.8,4.9,4.9,4.9,4.6,18.0,1.0
385,2.0,1.0,1.0,100.0,4.8,4.8,4.9,4.9,4.9,4.5,18.0,1.0
386,2.0,1.0,1.0,107.0,5.0,5.0,5.0,5.0,5.0,5.0,25.0,1.0
387,3.0,2.0,1.0,164.0,4.9,5.0,4.8,4.8,5.0,4.8,44.0,1.0
388,2.0,1.0,1.5,135.0,5.0,5.0,5.0,5.0,5.0,4.8,21.0,1.0
389,2.0,1.0,1.0,102.0,4.9,4.9,5.0,4.9,5.0,4.9,47.0,1.0
390,2.0,1.0,1.0,66.0,4.9,5.0,5.0,4.9,4.9,4.8,48.0,1.0
391,4.0,2.0,1.0,58.0,4.6,4.7,4.8,4.9,4.8,4.5,33.0,1.0
392,4.0,2.0,1.0,176.0,4.9,4.9,4.9,5.0,5.0,4.6,44.0,1.0
393,5.0,2.0,1.0,129.0,4.9,5.0,5.0,5.0,5.0,4.9,40.0,2.0
394,2.0,1.0,1.0,132.0,5.0,5.0,5.0,5.0,5.0,4.9,35.0,1.0
395,5.0,3.0,1.0,139.0,5.0,5.0,5.0,4.9,5.0,4.9,61.0,2.0
396,2.0,1.0,1.0,119.0,4.9,4.9,4.9,4.9,5.0,4.8,39.0,1.0
397,2.0,1.0,1.5,94.0,4.9,5.0,5.0,5.0,5.0,4.8,33.0,1.0
398,2.0,1.0,1.0,94.0,5.0,4.9,5.0,5.0,5.0,4.9,33.0,1.0
399,4.0,2.0,1.0,99.0,5.0,5.0,5.0,5.0,5.0,4.9,18.0,1.0
400,2.0,2.0,1.5,128.0,5.0,5.0,5.0,5.0,5.0,4.9,46.0,1.0
401,4.0,3.0,1.5,250.0,5.0,4.9,4.9,4.9,5.0,4.7,40.0,1.0
402,4.0,3.0,1.0,150.0,4.7,4.9,5.0,5.0,5.0,4.8,45.0,2.0
403,6.0,3.0,1.0,152.0,4.8,4.8,4.9,4.9,4.9,4.7,57.0,2.0
404,6.0,5.0,1.5,175.0,4.8,4.9,4.9,4.9,5.0,4.7,50.0,1.0
405,4.0,3.0,2.0,225.0,4.9,4.9,5.0,5.0,5.0,4.8,38.0,2.0
406,6.0,4.0,2.0,230.0,4.7,4.9,5.0,4.9,5.0,4.7,46.0,3.0
407,2.0,2.0,1.0,104.0,4.9,5.0,5.0,5.0,5.0,4.9,39.0,1.0
408,4.0,3.0,1.0,170.0,4.9,4.9,5.0,4.9,5.0,4.9,56.0,2.0
409,12.0,6.0,2.5,286.0,4.6,4.9,4.9,4.9,4.9,4.8,38.0,3.0
410,4.0,3.0,2.0,215.0,5.0,5.0,5.0,4.9,5.0,4.9,77.0,2.0
411,2.0,1.0,1.0,129.0,5.0,5.0,5.0,5.0,4.9,4.9,58.0,1.0
412,4.0,1.0,1.0,116.0,5.0,4.9,5.0,4.9,5.0,4.9,59.0,1.0
413,2.0,1.0,1.0,173.0,4.8,4.8,4.9,4.8,4.9,4.7,64.0,1.0
414,8.0,4.0,3.5,179.0,4.7,4.7,4.9,4.7,4.9,4.6,40.0,3.0
415,2.0,1.0,1.0,148.0,5.0,5.0,5.0,5.0,5.0,4.9,21.0,1.0
416,2.0,1.0,1.0,128.0,5.0,5.0,5.0,4.9,5.0,4.9,54.0,1.0
417,6.0,3.0,3.0,205.0,4.5,4.6,4.6,4.9,4.7,4.6,44.0,3.0
418,6.0,3.0,1.0,162.0,4.2,4.5,4.6,4.8,4.7,4.0,41.0,2.0
419,5.0,5.0,1.0,425.0,4.9,5.0,5.0,5.0,5.0,4.9,49.0,2.0
420,12.0,7.0,1.5,425.0,4.8,4.9,4.9,4.9,4.9,4.7,57.0,3.0
421,4.0,3.0,1.0,93.0,4.6,4.9,5.0,5.0,5.0,4.8,39.0,2.0
422,10.0,5.0,3.0,670.0,4.8,4.7,4.6,4.7,4.9,4.3,42.0,4.0
423,4.0,2.0,1.5,124.0,5.0,5.0,5.0,5.0,5.0,4.8,51.0,1.0
424,2.0,1.0,1.0,166.0,4.9,5.0,5.0,4.9,5.0,4.8,54.0,1.0
425,2.0,1.0,1.0,141.0,5.0,5.0,5.0,4.9,5.0,4.8,54.0,1.0
426,4.0,2.0,2.0,210.0,5.0,4.9,5.0,4.9,5.0,4.9,50.0,2.0
427,4.0,3.0,2.5,148.0,4.9,5.0,4.9,4.9,5.0,4.6,47.0,2.0
428,4.0,1.0,1.0,65.0,5.0,5.0,5.0,5.0,5.0,5.0,35.0,1.0
429,2.0,1.0,1.0,141.0,4.9,5.0,5.0,4.9,4.9,4.8,25.0,1.0
430,8.0,5.0,3.5,249.0,5.0,5.0,5.0,4.9,5.0,4.9,69.0,4.0
431,2.0,1.0,1.0,137.0,4.9,4.9,5.0,4.9,5.0,4.7,41.0,1.0
432,6.0,4.0,1.0,311.0,4.9,5.0,5.0,4.9,5.0,4.7,48.0,2.0
433,14.0,8.0,4.0,675.0,4.8,5.0,5.0,4.8,4.9,4.7,44.0,6.0
434,2.0,1.0,1.0,86.0,5.0,5.0,4.9,5.0,5.0,4.8,50.0,1.0
435,5.0,4.0,1.5,120.0,4.8,4.6,4.8,4.7,4.9,4.3,40.0,2.0
436,10.0,5.0,3.5,369.0,4.1,4.3,4.7,4.9,4.7,4.2,35.0,4.0
437,2.0,1.0,1.0,80.0,4.6,4.8,5.0,4.9,4.9,4.8,24.0,1.0
438,5.0,3.0,1.5,114.0,5.0,4.9,5.0,4.9,5.0,4.9,35.0,3.0
439,2.0,1.0,1.0,69.0,4.8,4.9,4.9,4.9,4.9,4.8,30.0,1.0
440,4.0,3.0,2.0,100.0,5.0,5.0,5.0,5.0,5.0,4.9,58.0,2.0
441,6.0,5.0,2.5,200.0,5.0,4.9,5.0,4.9,5.0,4.8,68.0,2.0
442,2.0,1.0,1.0,62.0,4.9,5.0,5.0,4.9,5.0,4.9,59.0,1.0
443,2.0,2.0,1.5,84.0,5.0,4.9,5.0,4.9,5.0,4.9,58.0,1.0
444,8.0,5.0,4.5,500.0,5.0,5.0,4.8,5.0,4.9,4.9,42.0,5.0
445,6.0,6.0,3.5,568.0,5.0,5.0,5.0,5.0,5.0,4.8,36.0,3.0
446,9.0,6.0,4.0,454.0,4.7,4.9,4.9,4.9,4.9,4.7,34.0,6.0
447,2.0,1.0,1.0,119.0,5.0,5.0,4.9,5.0,5.0,5.0,27.0,1.0
448,2.0,1.0,1.0,99.0,5.0,4.9,5.0,5.0,4.9,4.8,35.0,1.0
449,4.0,1.0,1.0,186.0,4.9,5.0,5.0,4.9,5.0,4.9,41.0,1.0
450,2.0,1.0,1.0,49.0,4.9,4.9,4.9,4.9,5.0,4.9,29.0,1.0
451,2.0,1.0,1.0,62.0,4.9,4.9,4.9,4.9,5.0,4.9,16.0,1.0
452,5.0,4.0,2.5,101.0,4.6,4.9,5.0,5.0,5.0,4.9,47.0,2.0
453,4.0,2.0,1.0,44.0,4.7,4.9,5.0,4.9,4.9,4.7,42.0,1.0
454,3.0,4.0,1.0,87.0,4.9,5.0,5.0,5.0,5.0,4.9,61.0,1.0
455,2.0,1.0,1.0,113.0,5.0,5.0,5.0,5.0,5.0,4.9,35.0,1.0
456,2.0,1.0,1.0,113.0,4.9,4.9,5.0,4.9,5.0,4.8,52.0,1.0
457,3.0,2.0,1.0,90.0,4.9,5.0,5.0,5.0,5.0,4.8,65.0,2.0
458,4.0,2.0,1.0,296.0,4.7,4.9,5.0,4.9,5.0,4.8,42.0,1.0
459,2.0,1.0,1.0,127.0,4.7,4.7,4.9,4.9,5.0,4.6,41.0,1.0
460,4.0,3.0,1.0,113.0,5.0,5.0,5.0,4.9,5.0,5.0,32.0,2.0
461,6.0,4.0,1.0,241.0,5.0,4.9,4.9,5.0,4.9,4.7,21.0,3.0
462,8.0,8.0,4.5,372.0,4.5,4.8,4.9,4.8,4.8,4.8,39.0,4.0
463,6.0,2.0,2.0,210.0,4.9,5.0,5.0,5.0,5.0,4.7,59.0,2.0
464,4.0,2.0,1.0,69.0,4.8,4.8,4.8,4.9,4.9,4.8,28.0,1.0
465,5.0,5.0,1.0,72.0,4.9,4.8,5.0,4.9,5.0,4.6,62.0,3.0
466,2.0,1.0,1.0,108.0,5.0,5.0,5.0,4.9,5.0,4.9,41.0,1.0
467,2.0,1.0,1.0,64.0,4.8,5.0,5.0,5.0,5.0,5.0,24.0,1.0
468,4.0,3.0,1.0,72.0,4.9,5.0,5.0,4.9,5.0,4.9,47.0,1.0
469,4.0,4.0,1.0,160.0,5.0,5.0,5.0,5.0,5.0,4.9,38.0,2.0
470,6.0,4.0,2.5,191.0,4.4,4.8,4.9,4.8,4.7,4.6,38.0,3.0
471,4.0,3.0,1.0,69.0,5.0,5.0,5.0,5.0,5.0,4.8,48.0,2.0
472,6.0,1.0,2.0,236.0,5.0,4.5,4.7,4.3,4.7,4.2,43.0,3.0
473,2.0,1.0,1.0,126.0,4.8,5.0,4.9,5.0,4.9,4.9,24.0,1.0
474,4.0,3.0,1.0,143.0,4.9,5.0,5.0,5.0,5.0,4.9,54.0,2.0
475,2.0,2.0,1.5,122.0,4.7,4.8,4.9,5.0,4.8,4.7,27.0,1.0
476,2.0,1.0,1.0,83.0,4.9,4.9,5.0,4.9,5.0,4.8,41.0,1.0
477,4.0,3.0,1.0,102.0,5.0,5.0,5.0,4.9,5.0,4.8,57.0,2.0
478,4.0,3.0,1.0,86.0,4.9,4.9,5.0,4.9,5.0,4.9,58.0,2.0
479,2.0,1.0,1.0,120.0,4.8,4.9,4.6,4.8,4.7,4.6,18.0,1.0
480,2.0,1.0,1.5,189.0,4.9,4.9,4.8,4.9,4.8,4.7,36.0,1.0
481,4.0,3.0,1.0,109.0,4.8,5.0,5.0,5.0,5.0,5.0,37.0,2.0
482,3.0,2.0,1.5,86.0,5.0,5.0,5.0,5.0,5.0,4.9,31.0,2.0
483,4.0,4.0,2.0,132.0,5.0,5.0,5.0,5.0,5.0,4.9,30.0,2.0
484,8.0,7.0,3.0,176.0,5.0,4.9,5.0,4.9,5.0,4.8,62.0,4.0
485,4.0,3.0,1.0,125.0,5.0,5.0,5.0,5.0,5.0,5.0,32.0,2.0
486,6.0,3.0,2.5,250.0,4.9,5.0,5.0,5.0,5.0,4.9,67.0,2.0
487,5.0,4.0,1.5,93.0,4.6,4.8,4.9,4.9,4.9,4.7,34.0,2.0
488,2.0,1.0,1.0,85.0,5.0,5.0,5.0,5.0,5.0,5.0,21.0,1.0
489,8.0,5.0,2.0,151.0,4.9,4.9,4.9,4.9,4.9,4.6,32.0,4.0
490,4.0,2.0,1.0,54.0,4.9,4.9,4.9,4.9,5.0,4.8,25.0,1.0
491,3.0,2.0,1.0,54.0,4.7,4.9,5.0,4.9,4.9,4.9,40.0,1.0
492,2.0,1.0,1.5,89.0,4.8,5.0,5.0,5.0,5.0,4.9,23.0,1.0
493,4.0,2.0,1.0,52.0,4.7,4.9,4.9,4.8,4.9,4.7,26.0,1.0
494,4.0,4.0,1.0,53.0,4.9,5.0,5.0,4.9,5.0,5.0,36.0,2.0
495,2.0,1.0,1.0,81.0,4.6,4.9,4.9,4.9,4.9,4.8,54.0,1.0
496,6.0,5.0,1.5,97.0,4.9,5.0,5.0,4.9,5.0,4.9,43.0,3.0
497,2.0,1.0,1.0,107.0,5.0,5.0,5.0,5.0,5.0,4.9,32.0,1.0
498,4.0,2.0,1.0,65.0,4.6,4.9,5.0,4.5,4.9,4.8,59.0,1.0
499,2.0,1.0,1.5,216.0,4.9,5.0,5.0,4.9,4.9,4.8,29.0,1.0
500,2.0,1.0,1.0,65.0,5.0,5.0,5.0,4.8,5.0,4.9,41.0,1.0
501,4.0,3.0,2.0,217.0,4.8,4.9,4.9,5.0,5.0,4.5,41.0,2.0
502,1.0,1.0,1.0,105.0,5.0,5.0,5.0,4.9,5.0,4.9,45.0,1.0
503,5.0,4.0,1.0,107.0,4.8,4.9,5.0,4.8,5.0,4.7,27.0,2.0
504,2.0,1.0,1.0,120.0,5.0,5.0,5.0,4.9,5.0,5.0,16.0,1.0
505,5.0,3.0,1.5,114.0,4.6,4.9,5.0,5.0,5.0,4.9,35.0,2.0
506,2.0,1.0,1.0,112.0,5.0,5.0,4.9,4.9,5.0,4.9,24.0,1.0
507,2.0,1.0,1.0,225.0,4.6,4.6,4.6,5.0,4.6,4.6,38.0,1.0
508,4.0,2.0,2.0,103.0,5.0,5.0,5.0,5.0,5.0,5.0,48.0,1.0
509,8.0,6.0,5.5,790.0,5.0,5.0,5.0,5.0,5.0,4.8,20.0,5.0
510,4.0,2.0,2.0,133.0,5.0,5.0,5.0,5.0,5.0,5.0,33.0,2.0
511,4.0,2.0,1.5,115.0,4.9,5.0,5.0,4.9,5.0,5.0,52.0,1.0
512,4.0,3.0,1.0,73.0,4.5,4.8,4.8,4.5,4.8,4.5,18.0,1.0
513,8.0,4.0,2.0,297.0,5.0,5.0,5.0,5.0,5.0,4.9,60.0,2.0
514,3.0,2.0,1.0,135.0,5.0,4.9,5.0,4.9,5.0,4.8,43.0,1.0
515,4.0,2.0,1.0,95.0,5.0,4.9,4.9,4.7,4.9,4.9,42.0,1.0
516,4.0,3.0,2.0,120.0,5.0,5.0,5.0,5.0,5.0,5.0,55.0,2.0
517,8.0,6.0,3.5,566.0,4.9,5.0,5.0,4.9,5.0,4.6,53.0,5.0
518,6.0,4.0,2.0,181.0,4.9,4.8,4.9,4.8,4.9,4.4,46.0,2.0
519,12.0,8.0,3.0,238.0,4.7,4.6,4.9,4.7,4.9,4.8,51.0,6.0
520,7.0,5.0,3.5,174.0,4.8,4.9,5.0,4.9,4.9,4.7,70.0,3.0
521,4.0,3.0,1.0,120.0,4.7,4.7,5.0,4.9,4.9,4.6,34.0,2.0
522,4.0,2.0,2.0,189.0,5.0,5.0,5.0,5.0,5.0,4.9,49.0,2.0
523,10.0,7.0,2.5,297.0,4.8,4.9,5.0,4.9,5.0,4.8,69.0,5.0
524,4.0,2.0,2.0,186.0,5.0,4.9,5.0,4.8,5.0,4.7,59.0,2.0
525,6.0,4.0,1.0,81.0,4.8,4.8,4.9,4.9,5.0,4.9,29.0,2.0
526,2.0,1.0,1.0,79.0,5.0,4.9,5.0,4.8,5.0,4.8,41.0,1.0
527,2.0,1.0,1.0,111.0,5.0,5.0,5.0,5.0,5.0,4.9,53.0,1.0
528,4.0,3.0,1.0,163.0,5.0,4.9,5.0,4.7,5.0,4.9,32.0,2.0
529,2.0,1.0,1.0,94.0,5.0,5.0,5.0,5.0,5.0,4.9,48.0,1.0
530,12.0,10.0,4.0,364.0,5.0,5.0,5.0,5.0,5.0,5.0,72.0,5.0
531,6.0,5.0,2.0,184.0,5.0,5.0,5.0,5.0,5.0,4.9,70.0,3.0
532,6.0,4.0,3.0,200.0,4.8,4.9,5.0,4.8,4.9,4.7,46.0,3.0
533,6.0,5.0,1.5,163.0,5.0,4.9,4.9,4.9,4.9,4.9,37.0,3.0
534,4.0,4.0,1.0,120.0,5.0,4.9,4.9,4.8,5.0,4.9,21.0,2.0
535,4.0,3.0,2.0,143.0,5.0,5.0,5.0,4.9,5.0,4.8,51.0,2.0
536,4.0,3.0,1.0,120.0,5.0,4.9,5.0,4.9,5.0,4.8,27.0,2.0
537,2.0,1.0,1.0,148.0,4.9,4.9,4.9,4.9,5.0,4.4,41.0,1.0
538,2.0,1.0,1.0,130.0,5.0,5.0,5.0,5.0,5.0,5.0,48.0,1.0
539,4.0,3.0,1.0,150.0,4.7,4.9,4.9,5.0,4.9,4.8,15.0,2.0
540,4.0,3.0,1.0,90.0,4.7,4.9,4.9,4.8,5.0,4.7,25.0,2.0
541,2.0,1.0,1.5,64.0,4.9,5.0,5.0,4.9,5.0,4.9,23.0,1.0
542,6.0,5.0,2.0,164.0,4.8,5.0,4.2,4.8,4.5,4.8,24.0,3.0
543,4.0,3.0,1.0,144.0,4.6,4.7,4.8,4.8,4.9,4.6,26.0,2.0
544,6.0,5.0,2.0,92.0,4.9,5.0,5.0,5.0,5.0,4.9,37.0,3.0
545,6.0,3.0,2.0,166.0,4.9,5.0,5.0,5.0,5.0,4.8,40.0,3.0
546,6.0,3.0,1.5,253.0,5.0,5.0,5.0,5.0,5.0,4.6,45.0,3.0
547,6.0,5.0,2.0,146.0,4.8,4.8,4.9,4.9,4.9,4.5,54.0,3.0
548,4.0,3.0,2.0,148.0,5.0,5.0,5.0,4.8,5.0,4.8,35.0,2.0
549,2.0,1.0,1.0,178.0,4.9,4.9,4.9,4.9,4.9,4.7,38.0,1.0
550,4.0,3.0,1.0,220.0,4.8,4.8,4.9,5.0,4.9,4.8,45.0,2.0
551,4.0,2.0,2.0,251.0,5.0,5.0,5.0,5.0,5.0,4.8,30.0,2.0
552,2.0,2.0,1.5,82.0,4.9,5.0,5.0,5.0,4.9,5.0,44.0,1.0
553,2.0,2.0,1.0,69.0,4.2,5.0,5.0,4.9,5.0,4.7,19.0,1.0
554,8.0,5.0,2.0,164.0,4.8,4.8,4.7,4.8,4.9,4.5,50.0,3.0
555,2.0,1.0,1.5,85.0,4.8,4.9,5.0,4.9,5.0,5.0,22.0,1.0
556,8.0,4.0,3.0,354.0,4.8,5.0,5.0,5.0,5.0,4.8,54.0,4.0
557,4.0,3.0,1.0,141.0,4.8,4.8,4.9,4.9,4.9,4.5,38.0,2.0
558,1.0,1.0,1.0,72.0,5.0,4.9,5.0,4.9,5.0,5.0,28.0,1.0
559,4.0,3.0,1.0,75.0,4.8,5.0,5.0,4.9,5.0,5.0,29.0,2.0
560,5.0,5.0,1.0,181.0,4.8,4.9,4.9,4.9,4.9,4.8,29.0,2.0
561,4.0,3.0,1.0,62.0,4.9,4.9,4.9,4.9,4.9,4.8,61.0,2.0
562,2.0,1.0,1.0,118.0,5.0,5.0,5.0,5.0,5.0,5.0,38.0,1.0
563,4.0,1.0,1.0,140.0,5.0,5.0,5.0,5.0,5.0,4.8,51.0,1.0
564,6.0,5.0,2.0,71.0,4.7,4.4,4.9,5.0,4.7,5.0,21.0,3.0
565,10.0,7.0,5.0,399.0,4.8,4.9,5.0,5.0,5.0,4.7,61.0,5.0
566,4.0,3.0,1.0,118.0,4.9,5.0,5.0,5.0,5.0,4.9,38.0,2.0
567,5.0,3.0,2.0,208.0,5.0,4.9,5.0,4.9,5.0,4.9,18.0,2.0
568,8.0,5.0,1.5,48.0,4.6,5.0,5.0,5.0,5.0,4.9,41.0,3.0
569,4.0,3.0,1.0,110.0,5.0,4.9,4.9,4.9,4.9,4.6,51.0,2.0
570,4.0,3.0,2.0,41.0,4.7,4.8,4.8,4.8,4.8,4.7,36.0,2.0
571,5.0,3.0,1.0,103.0,4.7,5.0,4.8,5.0,5.0,5.0,39.0,1.0
572,4.0,3.0,1.0,112.0,5.0,5.0,4.9,4.9,5.0,4.8,58.0,2.0
573,4.0,4.0,1.0,50.0,4.9,5.0,5.0,4.9,4.9,5.0,16.0,2.0
574,4.0,4.0,2.0,177.0,4.8,5.0,5.0,4.9,5.0,4.8,28.0,2.0
575,2.0,1.0,1.5,149.0,5.0,4.9,5.0,5.0,5.0,4.8,30.0,1.0
576,2.0,1.0,1.0,129.0,4.6,4.7,4.5,4.4,4.8,4.3,19.0,1.0
577,3.0,2.0,1.0,226.0,4.8,4.9,4.9,4.9,4.9,4.7,30.0,1.0
578,4.0,2.0,0.0,86.0,4.9,4.8,4.9,5.0,4.9,4.6,12.0,1.0
579,6.0,5.0,2.0,276.0,4.9,5.0,5.0,5.0,5.0,4.8,35.0,3.0
580,2.0,1.0,1.0,171.0,5.0,5.0,5.0,5.0,4.9,5.0,22.0,1.0
581,2.0,1.0,1.5,146.0,4.9,4.9,4.8,5.0,5.0,4.8,16.0,1.0
582,3.0,1.0,1.5,108.0,5.0,4.8,5.0,4.9,5.0,4.8,59.0,1.0
583,2.0,1.0,1.0,136.0,5.0,5.0,5.0,4.9,5.0,4.9,43.0,1.0
584,5.0,4.0,1.0,87.0,4.7,4.8,4.8,4.8,4.8,4.7,12.0,2.0
585,2.0,1.0,1.0,63.0,4.9,5.0,5.0,4.9,5.0,4.9,25.0,1.0
586,4.0,4.0,2.0,96.0,4.9,4.9,5.0,4.9,5.0,4.9,24.0,2.0
587,5.0,4.0,1.5,125.0,4.9,4.9,4.9,5.0,5.0,4.7,41.0,3.0
588,2.0,1.0,1.0,282.0,5.0,5.0,5.0,4.9,5.0,4.9,19.0,1.0
589,2.0,2.0,1.0,132.0,4.9,4.9,5.0,4.9,5.0,4.5,60.0,1.0
590,2.0,1.0,1.0,99.0,4.7,4.7,4.9,5.0,5.0,4.9,38.0,1.0
591,2.0,1.0,0.0,92.0,4.5,4.9,4.8,4.9,5.0,4.8,6.0,1.0
592,1.0,1.0,1.0,330.0,5.0,4.9,4.9,5.0,4.9,4.7,4.0,1.0
593,2.0,1.0,1.0,47.0,4.8,5.0,5.0,4.9,5.0,4.7,41.0,1.0
594,2.0,1.0,1.0,162.0,4.8,4.8,5.0,4.9,5.0,4.8,20.0,1.0
595,10.0,5.0,3.0,329.0,4.2,4.7,4.9,4.9,4.8,4.7,38.0,4.0
596,2.0,1.0,1.0,233.0,4.9,4.9,5.0,5.0,5.0,4.7,18.0,1.0
597,6.0,4.0,3.0,478.0,5.0,5.0,5.0,4.9,5.0,4.8,25.0,3.0
598,6.0,1.0,1.0,77.0,4.8,4.8,4.9,4.8,4.9,4.6,22.0,1.0
599,2.0,1.0,1.0,38.0,5.0,5.0,5.0,5.0,5.0,5.0,13.0,1.0
600,5.0,4.0,1.0,93.0,4.7,4.9,5.0,4.9,5.0,4.8,54.0,2.0
601,8.0,4.0,3.0,220.0,4.9,5.0,5.0,4.9,5.0,4.9,63.0,3.0
602,4.0,2.0,1.0,670.0,4.9,5.0,5.0,5.0,4.9,4.8,15.0,1.0
603,4.0,1.0,1.0,92.0,4.9,5.0,5.0,4.9,4.9,4.8,37.0,1.0
604,4.0,3.0,1.5,165.0,4.8,4.9,4.9,4.8,4.9,4.7,23.0,2.0
605,2.0,1.0,1.0,187.0,4.8,4.9,4.9,4.9,4.9,4.7,37.0,1.0
606,6.0,5.0,1.0,84.0,4.9,4.9,4.9,4.9,4.9,4.8,49.0,1.0
607,2.0,1.0,1.0,115.0,5.0,5.0,5.0,5.0,5.0,4.7,23.0,1.0
608,3.0,2.0,1.5,65.0,4.8,4.8,5.0,4.8,5.0,4.8,39.0,1.0
609,4.0,3.0,1.5,210.0,5.0,5.0,5.0,5.0,5.0,5.0,33.0,1.0
610,2.0,1.0,0.0,230.0,4.7,4.8,4.9,4.9,4.9,4.6,17.0,1.0
611,2.0,2.0,1.0,31.0,4.6,4.7,4.9,4.7,5.0,4.8,32.0,2.0
612,2.0,2.0,1.0,8.0,4.9,4.9,4.9,4.5,4.9,4.8,22.0,1.0
613,6.0,3.0,1.0,254.0,5.0,4.9,5.0,4.8,5.0,4.8,56.0,2.0
614,3.0,2.0,1.0,33.0,4.8,4.9,4.8,4.8,4.9,4.8,28.0,1.0
615,2.0,1.0,1.0,274.0,4.8,4.7,4.8,5.0,4.8,4.6,40.0,1.0
616,2.0,1.0,1.0,187.0,5.0,5.0,5.0,5.0,5.0,4.7,12.0,1.0
617,2.0,1.0,1.0,91.0,4.9,4.9,4.9,4.9,5.0,4.6,7.0,1.0
618,2.0,1.0,1.0,60.0,5.0,5.0,4.9,4.7,5.0,4.8,20.0,1.0
619,2.0,1.0,1.0,173.0,5.0,5.0,5.0,5.0,5.0,5.0,42.0,1.0
620,4.0,4.0,1.0,58.0,4.9,5.0,5.0,4.9,5.0,4.8,34.0,1.0
621,6.0,7.0,2.0,167.0,4.8,5.0,5.0,4.9,5.0,5.0,23.0,3.0
622,4.0,1.0,1.0,51.0,5.0,4.9,5.0,4.8,5.0,4.7,25.0,1.0
623,2.0,1.0,1.0,21.0,4.5,4.8,4.6,4.9,4.9,4.6,8.0,1.0
624,2.0,1.0,1.0,45.0,5.0,5.0,5.0,5.0,5.0,5.0,13.0,1.0
625,8.0,3.0,2.0,35.0,4.8,4.9,4.9,4.5,4.8,4.6,26.0,2.0
626,2.0,1.0,1.5,76.0,4.8,5.0,4.8,4.9,4.8,4.8,14.0,1.0
627,16.0,17.0,10.0,278.0,4.5,4.3,4.4,4.6,4.8,4.4,12.0,10.0
628,2.0,1.0,1.0,117.0,5.0,5.0,5.0,4.9,5.0,4.7,17.0,1.0
629,2.0,1.0,1.5,33.0,4.9,5.0,5.0,4.8,4.9,4.6,33.0,1.0
630,2.0,1.0,1.5,119.0,4.8,4.9,4.9,4.8,4.9,4.7,25.0,1.0
631,2.0,1.0,1.5,123.0,4.7,4.9,4.9,4.8,4.9,4.8,29.0,1.0
632,4.0,2.0,1.0,50.0,4.5,4.7,4.7,4.7,4.7,4.6,17.0,1.0
633,4.0,2.0,1.0,228.0,5.0,5.0,5.0,5.0,5.0,5.0,59.0,2.0
634,2.0,1.0,1.0,37.0,3.8,4.6,4.5,4.7,4.7,4.6,6.0,1.0
635,2.0,1.0,1.0,147.0,5.0,4.9,5.0,4.9,5.0,4.8,21.0,1.0
636,2.0,2.0,1.0,143.0,5.0,5.0,5.0,5.0,5.0,4.9,38.0,1.0
637,2.0,1.0,1.0,75.0,4.9,4.9,4.8,4.6,4.9,4.8,16.0,1.0
638,3.0,1.0,1.0,11.0,4.9,4.9,4.9,4.3,4.9,4.7,22.0,2.0
639,2.0,1.0,1.0,25.0,5.0,5.0,5.0,5.0,5.0,4.8,30.0,1.0
640,2.0,1.0,1.0,153.0,5.0,4.9,5.0,4.9,5.0,4.9,35.0,1.0
641,4.0,2.0,2.0,181.0,4.8,4.9,4.8,4.9,4.9,4.8,61.0,2.0
642,2.0,1.0,1.0,88.0,4.9,4.9,4.9,4.9,4.9,4.8,34.0,1.0
643,2.0,2.0,1.0,85.0,4.9,4.8,5.0,4.3,5.0,4.8,42.0,1.0
644,3.0,1.0,1.0,82.0,5.0,4.9,4.9,4.9,5.0,4.8,27.0,1.0
645,2.0,1.0,1.0,49.0,4.7,4.9,4.9,4.5,4.8,4.7,12.0,1.0
646,16.0,4.0,5.0,1112.0,5.0,4.9,4.8,5.0,4.9,4.8,71.0,4.0
647,6.0,3.0,1.5,152.0,5.0,4.6,5.0,5.0,4.4,4.2,36.0,2.0
648,2.0,1.0,1.0,183.0,5.0,5.0,5.0,5.0,5.0,4.9,37.0,1.0
649,2.0,1.0,1.0,18.0,4.9,5.0,5.0,5.0,4.9,5.0,42.0,1.0
650,4.0,2.0,1.0,69.0,5.0,5.0,5.0,4.6,5.0,4.8,31.0,1.0
651,1.0,1.0,1.0,345.0,4.8,4.9,5.0,5.0,5.0,4.6,47.0,1.0
652,3.0,2.0,1.0,30.0,4.7,4.6,4.9,4.5,4.8,4.6,18.0,1.0
653,16.0,4.0,3.0,116.0,4.3,4.4,4.5,4.8,4.7,4.4,58.0,3.0
654,4.0,2.0,2.0,204.0,4.9,5.0,4.9,4.9,5.0,4.8,32.0,2.0
655,2.0,1.0,1.0,87.0,5.0,5.0,5.0,5.0,5.0,5.0,46.0,1.0
656,2.0,1.0,1.0,89.0,4.9,4.9,5.0,4.7,4.9,4.7,19.0,1.0
657,2.0,1.0,1.0,49.0,4.9,5.0,5.0,4.9,5.0,4.9,19.0,1.0
658,6.0,4.0,2.0,63.0,4.6,4.8,4.9,4.9,4.8,4.7,55.0,3.0
659,8.0,6.0,4.0,192.0,4.9,5.0,5.0,5.0,5.0,4.8,72.0,3.0
660,4.0,3.0,1.0,152.0,4.8,4.9,4.8,4.9,4.8,4.7,27.0,2.0
661,5.0,2.0,1.0,92.0,4.7,4.8,4.7,5.0,4.7,4.7,17.0,2.0
662,2.0,1.0,1.0,193.0,5.0,5.0,5.0,5.0,5.0,4.9,38.0,1.0
663,3.0,2.0,1.0,27.0,4.7,4.7,4.8,4.7,4.9,4.7,22.0,1.0
664,4.0,2.0,1.0,33.0,4.8,5.0,5.0,4.6,5.0,5.0,24.0,1.0
665,2.0,1.0,1.0,58.0,4.8,4.8,4.9,4.8,4.9,4.7,25.0,1.0
666,11.0,5.0,3.5,320.0,4.9,5.0,5.0,4.9,5.0,4.8,76.0,3.0
667,6.0,4.0,1.0,320.0,5.0,5.0,5.0,5.0,5.0,4.9,60.0,2.0
668,3.0,2.0,1.0,86.0,4.9,4.9,4.9,4.9,4.9,4.8,23.0,1.0
669,2.0,1.0,1.0,53.0,4.9,5.0,4.9,4.9,5.0,4.9,50.0,1.0
670,2.0,1.0,1.0,584.0,5.0,5.0,5.0,5.0,5.0,4.8,42.0,1.0
671,6.0,3.0,2.0,91.0,5.0,5.0,5.0,4.3,4.3,5.0,14.0,2.0
672,5.0,3.0,1.0,234.0,4.8,4.9,5.0,4.9,5.0,5.0,57.0,3.0
673,2.0,1.0,1.0,53.0,4.6,4.9,4.6,4.8,4.9,4.4,10.0,1.0
674,6.0,4.0,3.0,55.0,4.7,4.9,5.0,4.9,4.9,4.8,28.0,3.0
675,5.0,4.0,1.0,123.0,5.0,5.0,5.0,5.0,5.0,4.9,43.0,2.0
676,2.0,1.0,1.0,251.0,4.8,4.9,5.0,4.9,5.0,4.7,43.0,1.0
677,4.0,3.0,1.0,119.0,5.0,5.0,5.0,4.7,5.0,4.8,32.0,2.0
678,6.0,5.0,3.0,307.0,4.7,4.8,4.9,4.9,4.9,4.6,68.0,4.0
679,6.0,3.0,2.0,345.0,5.0,5.0,5.0,5.0,5.0,4.9,61.0,2.0
680,4.0,2.0,1.5,153.0,5.0,5.0,5.0,5.0,5.0,4.9,52.0,2.0
681,9.0,5.0,3.5,876.0,4.7,5.0,4.9,5.0,4.9,4.7,19.0,4.0
682,8.0,4.0,3.0,318.0,5.0,5.0,5.0,4.9,5.0,5.0,47.0,3.0
683,2.0,1.0,1.0,76.0,4.9,4.9,5.0,4.8,5.0,4.7,28.0,1.0
684,3.0,1.0,1.0,8.0,4.8,4.9,4.9,4.4,4.9,4.7,23.0,2.0
685,6.0,6.0,4.5,138.0,4.9,5.0,4.9,4.7,5.0,4.7,60.0,3.0
686,2.0,1.0,1.0,179.0,4.9,4.7,5.0,5.0,5.0,4.6,21.0,1.0
687,2.0,1.0,1.0,537.0,4.9,4.9,4.9,4.9,4.9,4.7,56.0,1.0
688,2.0,1.0,1.0,94.0,5.0,5.0,4.9,5.0,5.0,4.6,12.0,1.0
689,2.0,1.0,1.0,32.0,4.8,4.8,4.8,4.8,4.8,4.7,37.0,1.0
690,4.0,1.0,1.0,78.0,5.0,5.0,5.0,5.0,5.0,5.0,42.0,1.0
691,2.0,1.0,1.0,134.0,4.8,4.7,4.4,4.9,4.8,4.3,11.0,1.0
692,10.0,7.0,4.5,428.0,5.0,5.0,4.9,4.9,4.9,5.0,54.0,5.0
693,2.0,1.0,1.0,81.0,4.8,5.0,5.0,5.0,5.0,4.8,24.0,1.0
694,4.0,2.0,1.0,134.0,4.9,4.9,4.8,4.8,5.0,4.7,45.0,1.0
695,3.0,2.0,1.0,82.0,5.0,5.0,5.0,4.9,5.0,4.9,29.0,1.0
696,4.0,4.0,2.0,83.0,5.0,5.0,5.0,4.9,5.0,5.0,33.0,3.0
697,2.0,2.0,1.0,74.0,4.6,4.5,4.4,4.6,4.7,4.6,36.0,1.0
698,2.0,1.0,1.0,87.0,5.0,4.9,4.9,4.9,5.0,4.9,50.0,1.0
699,6.0,3.0,2.0,432.0,4.7,4.7,4.6,4.8,4.8,4.3,26.0,3.0
700,2.0,1.0,4.0,26.0,4.8,4.9,4.8,4.6,4.9,4.8,21.0,1.0
701,6.0,3.0,2.0,307.0,4.8,5.0,5.0,5.0,5.0,4.8,78.0,3.0
702,2.0,1.0,1.0,49.0,4.8,4.9,5.0,4.9,5.0,4.8,17.0,1.0
703,4.0,3.0,2.0,128.0,4.9,5.0,5.0,5.0,5.0,4.9,66.0,2.0
704,2.0,1.0,1.0,43.0,4.6,4.9,5.0,5.0,5.0,4.9,18.0,1.0
705,2.0,1.0,1.0,43.0,4.7,4.8,4.8,4.5,4.8,4.8,36.0,1.0
706,8.0,4.0,3.5,87.0,5.0,5.0,5.0,4.9,4.9,4.9,37.0,3.0
707,4.0,2.0,1.0,78.0,5.0,5.0,5.0,4.9,5.0,5.0,45.0,1.0
708,4.0,2.0,1.0,105.0,4.9,4.9,5.0,4.9,5.0,4.8,46.0,1.0
709,5.0,3.0,1.0,120.0,5.0,5.0,5.0,4.9,4.9,4.7,10.0,1.0
710,2.0,1.0,1.0,175.0,5.0,4.9,5.0,4.9,5.0,4.9,55.0,1.0
711,4.0,2.0,1.0,90.0,4.9,5.0,5.0,5.0,5.0,4.9,35.0,1.0
712,4.0,1.0,1.0,78.0,4.7,4.9,4.9,4.9,5.0,4.8,23.0,1.0
713,2.0,1.0,1.0,30.0,4.6,5.0,5.0,4.8,5.0,4.9,30.0,1.0
714,9.0,6.0,4.0,189.0,4.3,4.8,4.9,5.0,4.9,4.7,42.0,5.0
715,10.0,6.0,3.0,216.0,4.7,5.0,5.0,5.0,4.9,4.8,60.0,5.0
716,6.0,3.0,3.0,108.0,4.8,4.9,4.6,5.0,5.0,4.9,22.0,2.0
717,4.0,2.0,1.0,211.0,5.0,5.0,5.0,5.0,5.0,4.9,36.0,2.0
718,4.0,3.0,1.0,62.0,4.9,5.0,5.0,5.0,5.0,4.9,54.0,1.0
719,2.0,1.0,1.5,588.0,5.0,5.0,5.0,4.9,4.8,4.7,49.0,1.0
720,2.0,1.0,1.0,24.0,5.0,5.0,4.8,5.0,5.0,4.7,27.0,1.0
721,5.0,3.0,2.0,143.0,4.8,5.0,4.9,5.0,5.0,4.9,39.0,3.0
722,2.0,1.0,2.0,232.0,4.6,4.8,4.9,4.9,4.9,4.9,64.0,1.0
723,2.0,1.0,1.0,72.0,4.8,5.0,4.9,5.0,5.0,4.8,18.0,1.0
724,16.0,15.0,4.0,385.0,4.7,4.8,4.7,4.5,5.0,4.4,41.0,7.0
725,4.0,2.0,1.0,307.0,5.0,5.0,5.0,5.0,5.0,4.9,52.0,2.0
726,4.0,2.0,2.0,150.0,4.7,4.7,4.6,4.6,4.6,4.6,34.0,2.0
727,8.0,4.0,2.0,189.0,4.8,4.9,5.0,4.9,5.0,4.7,28.0,3.0
728,2.0,1.0,1.0,98.0,5.0,4.9,5.0,5.0,5.0,4.9,13.0,1.0
729,2.0,1.0,0.0,67.0,4.0,4.4,4.5,4.6,4.5,4.2,22.0,1.0
730,4.0,2.0,1.0,64.0,4.8,5.0,5.0,4.9,5.0,4.7,36.0,1.0
731,4.0,2.0,1.0,100.0,4.9,5.0,5.0,5.0,5.0,4.9,25.0,1.0
732,4.0,2.0,1.0,137.0,4.9,5.0,5.0,4.9,5.0,4.9,59.0,2.0
733,6.0,5.0,1.0,71.0,4.8,4.8,4.9,4.7,4.9,4.9,35.0,3.0
734,12.0,12.0,2.5,190.0,4.3,4.8,4.9,4.9,4.8,4.6,27.0,5.0
735,4.0,1.0,1.0,198.0,4.9,4.9,5.0,4.8,5.0,4.8,20.0,1.0
736,2.0,2.0,0.0,34.0,4.8,4.8,4.8,4.8,4.8,4.7,10.0,1.0
737,4.0,1.0,0.0,150.0,5.0,4.9,5.0,5.0,5.0,4.8,15.0,1.0
738,7.0,5.0,3.5,321.0,5.0,5.0,5.0,5.0,5.0,5.0,30.0,3.0
739,10.0,9.0,5.0,363.0,4.6,5.0,5.0,4.9,5.0,4.8,40.0,5.0
740,2.0,1.0,1.0,36.0,4.8,4.9,4.9,5.0,4.9,4.8,10.0,1.0
741,2.0,1.0,1.0,77.0,4.8,4.9,5.0,4.9,5.0,4.8,22.0,1.0
742,4.0,4.0,2.0,149.0,5.0,5.0,5.0,5.0,5.0,4.2,25.0,2.0
743,2.0,2.0,1.5,120.0,5.0,5.0,5.0,4.8,5.0,4.8,31.0,1.0
744,2.0,2.0,1.0,50.0,4.8,4.9,4.9,5.0,5.0,5.0,58.0,1.0
745,5.0,3.0,1.0,84.0,4.9,4.8,5.0,4.7,4.9,4.6,52.0,2.0
746,2.0,1.0,1.0,16.0,4.8,5.0,4.9,4.9,5.0,5.0,24.0,1.0
747,3.0,1.0,1.0,97.0,5.0,4.9,5.0,4.9,5.0,4.8,21.0,1.0
748,3.0,2.0,1.0,51.0,5.0,5.0,5.0,5.0,5.0,5.0,31.0,1.0
749,4.0,2.0,1.0,32.0,4.6,4.7,4.8,4.7,4.8,4.6,25.0,1.0
750,4.0,2.0,2.5,246.0,4.5,4.9,4.8,5.0,5.0,4.7,30.0,2.0
751,4.0,3.0,2.0,181.0,5.0,5.0,5.0,5.0,5.0,5.0,22.0,2.0
752,6.0,2.0,2.0,76.0,4.6,4.8,4.8,5.0,4.9,4.7,38.0,2.0
753,2.0,1.0,1.0,113.0,4.8,4.5,4.9,4.8,4.9,4.3,19.0,1.0
754,6.0,4.0,1.5,99.0,4.7,4.8,4.9,4.8,4.9,4.7,33.0,3.0
755,6.0,10.0,1.0,68.0,4.9,4.6,5.0,5.0,5.0,4.9,34.0,3.0
756,6.0,3.0,2.5,128.0,4.9,4.8,4.9,4.9,5.0,4.7,40.0,2.0
757,2.0,1.0,0.0,36.0,4.5,5.0,4.9,4.8,4.8,4.6,13.0,1.0
758,5.0,4.0,1.5,266.0,4.7,4.8,4.9,4.6,4.8,4.4,38.0,2.0
759,2.0,1.0,1.0,115.0,4.9,5.0,5.0,4.9,5.0,4.8,22.0,1.0
760,4.0,3.0,1.0,191.0,5.0,5.0,5.0,5.0,5.0,4.9,49.0,2.0
761,4.0,2.0,1.0,188.0,4.9,4.9,5.0,4.8,5.0,4.7,45.0,2.0
762,8.0,6.0,2.5,643.0,4.6,4.8,4.9,4.9,4.8,4.6,37.0,4.0
763,4.0,3.0,1.0,150.0,4.8,5.0,5.0,5.0,5.0,4.8,26.0,1.0
764,9.0,5.0,3.5,1132.0,4.7,4.9,4.8,4.9,4.9,4.4,40.0,4.0
765,8.0,7.0,3.0,694.0,4.6,4.9,5.0,5.0,4.9,4.7,26.0,4.0
766,4.0,1.0,1.0,166.0,4.8,5.0,5.0,5.0,4.9,4.7,29.0,1.0
767,6.0,3.0,1.5,165.0,5.0,4.9,5.0,5.0,4.9,4.7,49.0,2.0
768,6.0,3.0,1.0,98.0,4.8,4.8,4.8,4.9,4.9,4.6,48.0,2.0
769,4.0,2.0,1.0,108.0,4.8,4.9,4.9,4.9,5.0,4.7,20.0,2.0
770,2.0,2.0,1.0,101.0,4.9,4.7,4.9,4.9,4.8,4.5,41.0,1.0
771,10.0,7.0,2.0,275.0,5.0,5.0,5.0,5.0,5.0,4.8,75.0,4.0
772,5.0,4.0,1.0,194.0,4.8,4.8,5.0,4.9,4.9,4.7,49.0,2.0
773,6.0,4.0,1.0,252.0,5.0,5.0,5.0,5.0,5.0,4.8,28.0,3.0
774,2.0,1.0,1.0,107.0,5.0,5.0,5.0,5.0,5.0,5.0,71.0,1.0
775,2.0,1.0,1.0,79.0,4.8,5.0,5.0,5.0,5.0,4.9,46.0,1.0
776,4.0,2.0,1.0,188.0,4.8,5.0,4.8,5.0,5.0,4.7,20.0,2.0
777,2.0,1.0,1.0,89.0,4.9,5.0,4.9,5.0,5.0,4.7,40.0,1.0
778,4.0,2.0,1.0,120.0,4.6,4.8,4.8,4.9,4.8,4.5,26.0,2.0
779,4.0,3.0,1.0,74.0,4.9,4.9,4.9,4.9,4.9,4.8,40.0,1.0
780,2.0,1.0,1.0,90.0,4.9,4.9,5.0,5.0,5.0,4.9,6.0,1.0
781,4.0,2.0,1.0,149.0,4.8,4.9,5.0,4.9,4.9,4.7,33.0,2.0
782,8.0,7.0,3.0,533.0,4.8,5.0,5.0,5.0,4.9,4.6,24.0,4.0
783,4.0,2.0,1.0,231.0,4.9,5.0,5.0,5.0,5.0,4.8,64.0,2.0
784,6.0,4.0,2.0,138.0,4.9,5.0,5.0,5.0,5.0,4.8,29.0,3.0
785,2.0,2.0,1.0,102.0,5.0,5.0,5.0,4.9,4.9,4.8,31.0,1.0
786,6.0,5.0,2.0,350.0,4.9,5.0,4.9,4.9,5.0,4.8,36.0,3.0
787,9.0,5.0,2.0,286.0,4.8,5.0,5.0,5.0,5.0,4.8,26.0,3.0
788,6.0,5.0,1.5,132.0,5.0,5.0,5.0,5.0,5.0,5.0,61.0,3.0
789,2.0,2.0,1.5,114.0,4.7,5.0,4.9,5.0,4.9,4.7,30.0,1.0
790,4.0,3.0,2.5,250.0,5.0,5.0,5.0,5.0,5.0,4.9,70.0,2.0
791,12.0,7.0,5.5,750.0,5.0,5.0,5.0,4.9,5.0,4.9,73.0,6.0
792,5.0,2.0,2.0,216.0,4.9,5.0,5.0,5.0,5.0,4.8,53.0,2.0
793,6.0,4.0,2.0,150.0,5.0,4.9,5.0,4.9,5.0,4.5,47.0,3.0
794,8.0,5.0,1.5,211.0,4.6,4.8,4.9,4.9,4.9,4.3,56.0,3.0
795,4.0,2.0,1.0,68.0,4.9,5.0,5.0,5.0,5.0,4.8,31.0,1.0
796,4.0,2.0,1.0,67.0,4.9,5.0,5.0,5.0,4.9,4.9,44.0,2.0
797,5.0,4.0,2.0,91.0,4.9,4.9,5.0,4.9,5.0,4.7,29.0,3.0
798,6.0,5.0,3.5,398.0,4.9,5.0,5.0,5.0,4.9,4.7,50.0,3.0
799,4.0,1.0,1.0,87.0,5.0,5.0,5.0,5.0,5.0,4.9,31.0,1.0
800,4.0,2.0,1.0,203.0,5.0,4.9,5.0,4.9,4.9,4.7,22.0,2.0
801,6.0,4.0,2.0,353.0,4.8,5.0,5.0,5.0,5.0,4.7,32.0,3.0
802,3.0,1.0,1.0,79.0,4.9,5.0,5.0,4.9,5.0,4.9,37.0,1.0
803,6.0,5.0,2.0,190.0,4.8,4.9,4.9,4.9,5.0,4.7,52.0,3.0
804,3.0,2.0,2.0,171.0,4.6,4.8,4.8,5.0,4.8,4.5,27.0,1.0
805,4.0,3.0,1.0,188.0,4.8,4.9,5.0,5.0,5.0,4.7,64.0,3.0
806,8.0,7.0,1.0,329.0,4.9,4.9,5.0,5.0,5.0,4.6,44.0,3.0
807,4.0,2.0,1.0,121.0,4.9,4.9,4.9,5.0,4.9,4.7,61.0,1.0
808,6.0,6.0,2.0,120.0,4.7,4.9,4.9,4.9,4.9,4.7,15.0,3.0
809,2.0,1.0,1.0,49.0,4.9,4.9,5.0,4.9,5.0,4.8,40.0,1.0
810,4.0,4.0,1.0,75.0,4.8,4.9,4.9,4.9,4.9,4.7,31.0,1.0
811,2.0,1.0,1.0,114.0,5.0,5.0,5.0,4.8,5.0,4.8,52.0,1.0
812,4.0,3.0,1.0,80.0,4.7,4.9,4.9,4.9,4.9,4.9,26.0,2.0
813,8.0,5.0,2.0,141.0,5.0,5.0,5.0,5.0,5.0,4.9,43.0,4.0
814,2.0,1.0,1.0,225.0,5.0,4.9,5.0,5.0,5.0,4.8,59.0,1.0
815,2.0,1.0,1.0,76.0,4.9,5.0,5.0,5.0,5.0,5.0,20.0,1.0
816,4.0,3.0,2.0,111.0,5.0,4.7,5.0,5.0,5.0,4.3,39.0,2.0
817,2.0,1.0,1.0,250.0,5.0,5.0,4.6,5.0,5.0,4.6,21.0,1.0
818,4.0,2.0,1.0,108.0,4.9,4.8,4.8,4.8,5.0,4.7,48.0,2.0
819,4.0,4.0,1.0,98.0,5.0,4.9,5.0,5.0,4.9,4.9,22.0,3.0
820,5.0,3.0,1.0,140.0,4.9,4.8,4.8,4.7,4.7,4.4,33.0,2.0
821,2.0,1.0,1.0,112.0,5.0,5.0,5.0,5.0,5.0,4.8,9.0,1.0
822,10.0,7.0,4.0,956.0,5.0,5.0,5.0,5.0,5.0,5.0,62.0,4.0
823,4.0,2.0,1.0,171.0,4.9,5.0,4.9,5.0,4.9,4.7,45.0,1.0
824,5.0,4.0,3.0,146.0,4.7,4.8,4.8,5.0,5.0,4.9,23.0,3.0
825,2.0,1.0,1.0,127.0,4.9,4.9,5.0,5.0,4.9,4.8,39.0,1.0
826,2.0,1.0,1.0,60.0,4.8,4.8,4.9,4.9,4.9,4.9,32.0,1.0
827,4.0,2.0,1.0,126.0,4.8,5.0,5.0,5.0,5.0,4.8,58.0,1.0
828,4.0,3.0,1.0,98.0,5.0,5.0,4.9,5.0,5.0,5.0,49.0,2.0
829,8.0,5.0,1.5,185.0,4.9,5.0,4.9,4.8,4.9,4.6,51.0,4.0
830,2.0,1.0,1.0,66.0,4.9,4.7,4.6,5.0,4.8,4.8,12.0,1.0
831,4.0,3.0,1.0,76.0,5.0,5.0,5.0,5.0,5.0,4.9,41.0,1.0
832,1.0,1.0,1.0,78.0,4.9,5.0,5.0,5.0,5.0,4.9,36.0,1.0
833,6.0,4.0,1.5,249.0,4.1,4.3,4.7,5.0,4.8,4.4,43.0,2.0
834,2.0,1.0,1.0,100.0,4.9,4.9,5.0,5.0,5.0,4.9,60.0,1.0
835,4.0,2.0,1.0,100.0,4.1,4.4,4.9,4.9,5.0,3.7,20.0,2.0
836,2.0,1.0,1.0,107.0,5.0,5.0,5.0,5.0,5.0,4.9,37.0,1.0
837,4.0,2.0,1.0,113.0,4.8,4.8,4.8,5.0,4.8,4.7,39.0,2.0
838,4.0,3.0,1.0,221.0,4.9,5.0,5.0,4.9,5.0,4.8,51.0,2.0
839,10.0,5.0,2.5,489.0,4.3,4.7,4.9,5.0,4.9,4.6,37.0,5.0
840,8.0,5.0,3.0,326.0,4.8,4.9,5.0,4.9,5.0,4.8,45.0,4.0
841,10.0,8.0,2.5,382.0,4.7,4.8,5.0,4.9,5.0,4.7,62.0,5.0
842,8.0,5.0,2.0,299.0,4.8,5.0,5.0,5.0,5.0,4.6,44.0,4.0
843,5.0,3.0,1.0,162.0,4.9,4.9,5.0,5.0,5.0,4.5,31.0,2.0
844,4.0,2.0,1.0,273.0,4.1,4.8,4.9,4.8,4.8,4.4,30.0,2.0
845,4.0,3.0,1.0,84.0,4.7,4.9,5.0,5.0,5.0,4.7,37.0,2.0
846,9.0,8.0,4.5,215.0,4.7,4.8,4.9,5.0,5.0,4.7,41.0,5.0
847,2.0,1.0,1.0,87.0,4.7,4.8,5.0,5.0,4.9,4.7,59.0,1.0
848,4.0,1.0,1.0,65.0,4.8,4.9,5.0,4.9,4.9,4.9,19.0,1.0
849,2.0,3.0,1.5,175.0,5.0,5.0,5.0,4.9,5.0,4.8,58.0,2.0
850,4.0,3.0,2.0,122.0,4.9,4.9,4.9,4.8,5.0,4.5,15.0,2.0
851,6.0,4.0,2.5,312.0,5.0,5.0,5.0,5.0,5.0,4.8,30.0,4.0
852,6.0,4.0,4.0,482.0,5.0,5.0,4.7,5.0,4.7,4.5,47.0,4.0
853,4.0,3.0,2.0,152.0,4.1,4.3,4.8,4.9,4.8,4.2,26.0,3.0
854,4.0,3.0,1.0,98.0,4.5,4.8,4.8,4.9,4.8,4.6,45.0,2.0
855,8.0,6.0,4.0,320.0,4.6,4.8,5.0,5.0,5.0,4.3,52.0,4.0
856,8.0,6.0,2.5,233.0,4.1,4.7,4.9,4.8,4.9,4.2,37.0,4.0
857,6.0,2.0,1.0,144.0,4.7,4.9,5.0,5.0,4.9,4.7,28.0,2.0
858,2.0,1.0,1.0,64.0,4.5,4.8,4.9,4.9,4.9,4.7,20.0,1.0
859,8.0,3.0,2.0,150.0,5.0,4.7,4.7,4.3,5.0,4.3,29.0,3.0
860,2.0,1.0,1.0,77.0,4.8,4.9,4.9,4.8,5.0,4.5,24.0,1.0
861,6.0,5.0,3.5,181.0,5.0,5.0,5.0,5.0,5.0,4.8,50.0,4.0
862,4.0,2.0,1.0,110.0,4.8,5.0,5.0,5.0,5.0,4.9,18.0,2.0
863,2.0,1.0,1.0,54.0,4.9,5.0,5.0,4.9,5.0,4.9,40.0,1.0
864,4.0,2.0,2.0,143.0,4.9,4.9,5.0,4.9,4.9,4.8,59.0,2.0
865,1.0,1.0,1.0,56.0,5.0,5.0,5.0,5.0,5.0,4.8,43.0,1.0
866,2.0,1.0,1.0,86.0,4.5,4.9,5.0,5.0,4.9,4.6,33.0,1.0
867,3.0,2.0,1.5,152.0,4.8,4.8,4.9,4.9,5.0,4.7,66.0,2.0
868,4.0,3.0,1.0,98.0,5.0,5.0,4.8,5.0,5.0,4.7,49.0,2.0
869,10.0,10.0,2.5,795.0,5.0,5.0,5.0,5.0,5.0,4.8,34.0,5.0
870,9.0,5.0,2.5,312.0,4.7,4.8,4.9,4.8,5.0,4.6,32.0,4.0
871,2.0,1.0,1.0,34.0,4.9,4.9,5.0,4.9,4.9,4.9,13.0,1.0
872,4.0,2.0,1.0,180.0,4.9,4.5,4.7,4.9,4.7,4.5,34.0,1.0
873,8.0,6.0,2.0,119.0,4.5,4.9,4.9,5.0,4.8,4.5,38.0,4.0
874,4.0,2.0,1.0,151.0,4.7,4.8,5.0,5.0,4.9,4.7,50.0,1.0
875,4.0,2.0,1.0,130.0,5.0,5.0,5.0,5.0,5.0,4.6,28.0,2.0
876,6.0,2.0,2.0,143.0,4.7,5.0,5.0,4.7,5.0,5.0,45.0,2.0
877,16.0,12.0,5.5,581.0,4.5,4.8,5.0,5.0,4.9,4.7,69.0,6.0
878,8.0,4.0,3.0,739.0,5.0,4.9,4.8,5.0,4.8,4.8,49.0,4.0
879,2.0,1.0,1.0,117.0,4.9,4.9,4.9,4.9,4.9,4.7,20.0,1.0
880,4.0,2.0,1.0,165.0,4.9,5.0,5.0,4.9,5.0,4.8,46.0,2.0
881,4.0,3.0,2.0,121.0,4.8,4.9,4.9,5.0,4.9,4.7,32.0,2.0
882,2.0,1.0,1.0,108.0,4.8,4.7,4.8,5.0,4.8,4.7,29.0,1.0
883,1.0,1.0,1.0,78.0,4.7,4.5,4.9,4.7,4.7,4.6,35.0,1.0
884,4.0,3.0,2.0,129.0,4.8,4.8,4.9,5.0,4.7,4.6,31.0,2.0
885,4.0,2.0,1.5,240.0,4.9,5.0,5.0,5.0,4.9,4.8,33.0,2.0
886,2.0,1.0,1.0,78.0,4.8,5.0,4.9,4.9,5.0,4.9,54.0,1.0
887,4.0,2.0,1.5,113.0,4.8,5.0,5.0,5.0,5.0,4.8,38.0,2.0
888,6.0,3.0,2.0,80.0,4.7,4.8,5.0,5.0,5.0,4.7,24.0,2.0
889,4.0,2.0,1.0,104.0,4.9,4.9,4.9,4.9,4.9,4.3,29.0,2.0
